date,wti_mom_pct,rig_mom_pct,indpro_mom_pct
2013-02-01,2.312968575530383,6.407702523240366,0.46769079323369933
2013-03-01,-3.3322939403388263,-7.6443057722308865,0.40285806541078273
2013-04-01,-1.2327426777342998,-14.065315315315319,-0.08629719503872035
2013-05-01,2.7613422964918533,-0.6892936705543251,0.07809780387764143
2013-06-01,1.4603682437442922,2.581019740314594,0.20749335325593865
2013-07-01,9.141455010571931,5.775662464625686,-0.31019310854143445
2013-08-01,1.69381263303916,4.506870971664845,0.5782114503832148
2013-09-01,0.29586633803080353,-0.07680134053249521,0.5084577384016464
2013-10-01,-5.0486575213975815,-1.1761965762198678,-0.07887301444674533
2013-11-01,-6.7312061641805805,0.9474428470421792,0.23360844107831458
2013-12-01,3.382901203185895,0.053698169592841793,0.20106503661436737
2014-01-01,-2.602192398319847,6.0879710652199215,-0.35575894744697134
2014-02-01,6.1559903229199575,5.336090093260615,0.7556916490531584
2014-03-01,-0.15853749163962094,-5.940697431614117,0.9685206031106786
2014-04-01,1.5357896042674568,-9.479409479409483,0.0967670387519659
2014-05-01,-0.20721337112696858,-0.8608215818516229,0.3831643017938591
2014-06-01,3.6063390076201296,3.948149614090646,0.3432190311729588
2014-07-01,-1.8032709396861413,5.9376487386958665,0.22212488441135658
2014-08-01,-6.0271005319020965,3.461754464787159,-0.1888053207359519
2014-09-01,-4.4277342949637255,1.4308667708876177,0.28734401880725624
2014-10-01,-8.809089934612501,0.5929572942309669,0.011934320486006733
2014-11-01,-11.110588677825838,-0.1638576779026124,0.6172120873449094
2014-12-01,-20.72533721237768,-5.812639880635184,-0.00790646459541966
2015-01-01,-19.57629592560157,-6.829908572463117,-0.7848268733052777
2015-02-01,5.041276030863684,-16.88122419237309,-0.6385429169845525
2015-03-01,-5.642493952707706,-23.81648158971362,-0.33462612548724735
2015-04-01,10.709427644658387,-18.296892980437285,-0.5455808831756226
2015-05-01,11.472992769717871,-8.95774647887324,-0.44130635364704185
2015-06-01,1.5863460625381576,2.026608910891081,-0.3145062410606636
2015-07-01,-13.499979134499007,6.080363912054598,0.6480993526961187
2015-08-01,-17.884021613276737,3.7021154945683143,-0.1838518594625027
2015-09-01,7.47899653369366,-5.306685044796689,-0.27910650288459626
2015-10-01,0.7237345577785215,-5.405143134400781,-0.4835506432950498
2015-11-01,-7.8550340815351944,-3.826425933524824,-0.7357319171217069
2015-12-01,-12.026621120207304,-8.799999999999997,-0.490405888487655
2016-01-01,-12.576822655151643,0.7017543859649145,0.5240216999506275
2016-02-01,-7.538442688231339,-13.675958188153315,-0.5184776724149187
2016-03-01,24.142786152062268,-23.982509249915907,-0.7419897116952456
2016-04-01,7.241310294215775,-15.362831858407077,0.33821722395370735
2016-05-01,15.942119145971233,-6.158511083228769,-0.22677943798843359
2016-06-01,5.049095884530774,6.852367688022287,0.4723710200531528
2016-07-01,-7.56563489631219,13.284671532846716,0.11720887146766668
2016-08-01,-1.5627072189558389,12.297496318114876,-0.15070828855183738
2016-09-01,1.74020433367017,6.459016393442618,-0.10551340414769461
2016-10-01,10.179871992937528,7.753310748383124,0.015595615809083085
2016-11-01,-8.598327407481587,7.395498392282951,-0.417168298044468
2016-12-01,12.671488056103431,12.149035262807706,0.6835853098808187
2017-01-01,2.1016494203687897,16.783341243474137,-0.2628724699913376
2017-02-01,1.662142210792017,10.28702057404114,-0.4014738596471723
2017-03-01,-6.864049470626821,-3.970520497466601,0.6598918716692825
2017-04-01,2.943543519375469,-7.7369531849577955,1.01874791064267
2017-05-01,-5.3552232971758045,1.6636340005198758,0.11837348433949568
2017-06-01,-5.804852865255549,10.580414216312972,0.20600993800727885
2017-07-01,1.476520366554146,6.455789863115058,-0.23946880378206137
2017-08-01,4.671887658655138,1.1511728931363985,-0.41385799965637515
2017-09-01,1.6388028895768736,-1.2926776894996772,0.10321739348497783
2017-10-01,4.200511737470558,-2.1058127392969084,1.231820304342679
2017-11-01,9.583434835566385,-0.8666666666666711,0.23924842142566405
2017-12-01,3.023297172327921,1.7709033848912759,0.19552388551384858
2018-01-01,9.412221646815144,7.026431718061676,-0.0018725779682204902
2018-02-01,-1.250345126809449,6.297592097139337,0.24245410866083894
2018-03-01,0.3610800447355844,-6.5711519845111255,0.4898312333777355
2018-04-01,5.28766556291389,-8.073607427055707,1.1018847101021745
2018-05-01,6.301266301266328,1.6907123534716018,-0.9004876472062606
2018-06-01,-3.6000284474788535,5.732653513633346,0.7769349155879013
2018-07-01,4.999704901584678,5.1031533042602994,0.1614372371557593
2018-08-01,-4.087124538907439,1.3524835427887627,0.6463528132455432
2018-09-01,2.7741963840947292,-1.2950716422610697,0.06507569254665668
2018-10-01,1.8425460636515734,0.05982053838484713,-0.11027815455079137
2018-11-01,-18.938969764837633,1.6978876046233493,0.0793379083257717
2018-12-01,-15.226213089276452,-4.569681768302236,0.02450318589461986
2019-01-01,3.1623975148953543,1.848049281314168,-0.6643059707801324
2019-02-01,7.5032086089446,3.044354838709684,-0.5464105661296959
2019-03-01,6.239324088529696,-8.16669927607121,0.037535091907470175
2019-04-01,10.447425745997707,-8.10891426623488,-0.584880588904857
2019-05-01,-4.684980824919771,-2.026431718061661,0.1153763419832865
2019-06-01,-10.242724824279058,2.4943203332071118,0.04443706539574155
2019-07-01,4.807428414600667,-0.6465019625952473,-0.4848810250152602
2019-08-01,-3.6878627853183743,-0.7390192888682368,0.6849073187575438
2019-09-01,3.3713974986405715,-5.436411312979949,-0.3383704050117342
2019-10-01,-5.716289672102404,-1.6588264421886656,-0.8442522707120981
2019-11-01,5.516087037381423,-4.753272910372608,0.5019319103877651
2019-12-01,5.281479131415678,-0.74540071896807,-0.23239798621111918
2020-01-01,-2.9975306575147687,6.098535286284945,-0.6553569655153413
2020-02-01,-12.546166856511675,4.342369477911645,0.3362241150981271
2020-03-01,-40.011840742019835,-13.038248737070003,-3.9119691043517424
2020-04-01,-42.807796693807056,-33.83125864453665,-13.187752931490081
2020-05-01,52.84440609721024,-37.89297658862877,1.6538180906531252
2020-06-01,43.72271564052384,-21.513193322563275,6.553017435935615
2020-07-01,6.252945797329157,-1.269296740994852,3.7472132271539227
2020-08-01,4.31144955394549,5.107713690062532,0.9779469953359987
2020-09-01,-6.3552064260823276,4.545454545454541,0.0125058751559326
2020-10-01,-0.46799116997793266,14.086956521739125,0.8049650452395696
2020-11-01,4.107523066004259,12.25055432372506,0.3537338457753503
2020-12-01,13.890072432893064,6.765432098765434,1.319920561671828
2021-01-01,9.522740633851745,22.513876040703053,0.5278407531287055
2021-02-01,15.357589006870697,7.126002831524314,-3.3042347358776314
2021-03-01,5.9560067681895035,-9.118942731277535,2.8977701174189185
2021-04-01,-1.7598211434046607,-4.29471643238003,0.17594038151924618
2021-05-01,5.936473877564286,3.6770664505672457,0.8873899513690775
2021-06-01,8.899800521712443,10.893991206643872,0.3674825234604384
2021-07-01,2.308017472171331,10.731277533039641,0.4541141317472075
2021-08-01,-6.873209563684424,4.47167409293443,-0.2076768619846625
2021-09-01,4.262949680186323,0.6854531607006775,-1.1852820317521218
2021-10-01,14.17021276595747,6.5052950075642935,1.3435446231408799
2021-11-01,-0.45347248105356286,3.125,0.678038170963835
2021-12-01,-10.874258970358808,0.3581267217630968,-0.2902878489551397
2022-01-01,16.31448496051082,8.564370024704914,-0.3847966543571557
2022-02-01,9.94130925507899,8.217446270543615,0.6196499297304259
2022-03-01,18.897831800262832,-1.139018691588789,0.5796258967684542
2022-04-01,-5.794478598236285,-5.890694239290994,0.0486237889668395
2022-05-01,6.869464051776397,1.8332496233048667,-0.10498817034699792
2022-06-01,5.463693539165226,8.538840937114678,-0.31134817212471466
2022-07-01,-10.475777421173616,7.105935813689279,0.2029341305509913
2022-08-01,-9.17855205022866,2.354688162918972,-0.12516918091738383
2022-09-01,-8.921960847068867,0.7875647668393881,0.19337997533044327
2022-10-01,2.6156116759593395,0.8379601069298692,-0.03840389843995373
2022-11-01,-2.8851092974145343,-0.10196278358398647,-0.29401627015126497
2022-12-01,-9.734065998648289,-4.587905077825982,-1.1775520230755787
2023-01-01,1.5808115005989665,6.787548138639288,0.7403294095005952
2023-02-01,-1.3107293936674536,0.7763586275983059,0.13591363613749685
2023-03-01,-4.511771391459673,-5.725646123260441,0.3764844756045216
2023-04-01,8.149468128519732,-9.241881062842683,0.23015130592305422
2023-05-01,-9.618891893591586,-5.053732210281736,-0.32038556882264535
2023-06-01,-2.417980029920319,1.8537779137350885,-0.8015567440745164
2023-07-01,7.772390188248712,3.0153772224891906,0.786159752935478
2023-08-01,7.628688633055436,-2.507288629737614,-0.06679437539827138
2023-09-01,8.324829409233402,-1.9856459330143572,0.18028685244741993
2023-10-01,-2.4584023789526177,-0.6285086648767368,-0.5466184787138562
2023-11-01,-8.68338375610892,0.1535155050660153,0.39315648922202406
2023-12-01,-7.474116785065776,-3.887185775597801,-0.25856624619908786
2024-01-01,1.3055693273839042,4.363357999489681,-1.3725223179007373
2024-02-01,4.577895595432291,4.462102689486547,1.0710293956096573
2024-03-01,5.30954470117968,-3.8502047981275545,0.17200977214937296
2024-04-01,5.533748086703216,-8.988558909444988,-0.2131249533384838
2024-05-01,-6.062342827065914,-3.443664326312268,0.6180955554181189
2024-06-01,-0.5254507421057819,3.8088642659279692,0.030734759029571457
2024-07-01,3.3577418951057814,3.935957304869908,-0.9101631415148637
2024-08-01,-6.998092585303817,3.209242618741981,0.45531064048562886
2024-09-01,-8.456389822121535,-0.062189054726369264,-0.619829156166074
2024-10-01,3.100995732574696,0.062227753578092404,-0.33955057890919793
2024-11-01,-3.9707505518763786,-1.8656716417910446,-0.17794399288223461
2024-12-01,0.4856182293612177,-4.879594423320654,1.0421733766397212
2025-01-01,7.695167286245352,5.3431045969353885,-0.261743314132834
2025-02-01,-4.991237619818911,5.774095623577025,1.033931046612846
2025-03-01,-4.894323144104796,-5.979073243647237,-0.05825955273676131
2025-04-01,-5.645753746694093,-7.853736089030205,0.08659902375682815
2025-05-01,-3.328531942227586,-4.817115251897852,-0.16058871982903566
2025-06-01,10.506604381443285,-0.44953596287703457,0.5080943490598289
2025-07-01,-0.9657082467840028,3.022578295702849,0.4094463359233913
2025-08-01,-3.3470709449514247,1.435136090491329,-0.26429426659076993
2025-09-01,-2.5523101757378153,0.0,0.07990183488855163
2025-10-01,-4.616346304110019,0.0,-0.4413706579460941
2025-11-01,-1.7014548790877493,0.0,0.11900411823380086
