date,wti_price_weekly,rig_count,rig_country_canada,rig_country_united_states,rig_basin_ardmore_woodford,rig_basin_arkoma_woodford,rig_basin_barnett,rig_basin_cana_woodford,rig_basin_dj-niobrara,rig_basin_eagle_ford,rig_basin_fayetteville,rig_basin_granite_wash,rig_basin_haynesville,rig_basin_marcellus,rig_basin_mississippian,rig_basin_other,rig_basin_permian,rig_basin_utica,rig_basin_williston,rig_drillfor_gas,rig_drillfor_miscellaneous,rig_drillfor_oil,rig_state_alabama,rig_state_alaska,rig_state_alberta,rig_state_arizona,rig_state_arkansas,rig_state_british_columbia,rig_state_california,rig_state_colorado,rig_state_florida,rig_state_hawaii,rig_state_idaho,rig_state_illinois,rig_state_indiana,rig_state_kansas,rig_state_kentucky,rig_state_louisiana,rig_state_manitoba,rig_state_michigan,rig_state_mississippi,rig_state_montana,rig_state_nebraska,rig_state_nevada,rig_state_new_mexico,rig_state_new_york,rig_state_newfoundland_and_labrador,rig_state_nl_offshore,rig_state_north_dakota,rig_state_nova_scotia,rig_state_ohio,rig_state_oklahoma,rig_state_oregon,rig_state_pennsylvania,rig_state_saskatchewan,rig_state_south_dakota,rig_state_texas,rig_state_utah,rig_state_virginia,rig_state_west_virginia,rig_state_wyoming,rig_traj_directional,rig_traj_horizontal,rig_traj_other,rig_traj_vertical,us_production_mbbld,fed_funds,unemployment,indpro,cpi,ppi,ng_price,recession,t_bill_3m,treasury_2y,treasury_10y,sp500,sp500_ret_m,wti_mom_pct,cpi_mom_pct,ppi_mom_pct
2013-01-01,94.035,2259.0,502.75,1756.25,12.25,3.25,36.5,30.75,37.25,232.75,13.0,67.25,41.5,93.5,87.75,913.25,464.0,31.75,194.25,569.5,4.25,1685.25,5.25,9.25,386.75,0.0,16.0,45.0,30.75,53.25,2.0,0.0,0.0,1.75,0.75,29.75,1.0,106.0,15.75,1.75,10.75,18.25,1.75,3.0,80.0,0.0,0.0,1.0,176.0,0.0,29.0,184.5,1.0,70.25,54.25,1.25,820.5,28.25,0.0,26.0,48.25,216.75,1482.5,1.25,558.5,7083.0,0.14,8.0,98.3342,231.679,202.5,3.33,0.0,0.07,0.27,1.91,1498.11,5.0428063581991145,7.1349226694010115,0.1980788942180789,0.496277915632759
2013-02-01,96.21000000000001,2403.75,642.25,1761.5,12.0,3.5,34.5,32.0,39.0,236.5,12.75,69.5,40.0,89.5,90.0,1055.0,469.25,30.5,189.75,578.5,4.0,1821.25,4.5,8.5,483.0,0.0,15.75,53.75,34.0,56.0,1.25,0.0,0.0,1.5,0.75,27.0,0.0,109.0,20.5,1.0,11.5,11.75,1.0,3.0,76.5,0.0,0.0,1.0,177.0,0.0,27.5,192.75,0.75,69.5,84.0,1.0,832.75,28.0,0.0,23.0,46.25,251.0,1547.0,0.0,605.75,7145.0,0.15,7.7,98.7941,232.937,204.3,3.33,0.0,0.1,0.27,1.98,1514.68,1.1060603026480154,2.3129685755304052,0.5429926752100966,0.8888888888888946
2013-03-01,93.00399999999999,2220.0,464.2,1755.8,11.8,2.6,35.2,32.8,41.0,227.0,13.2,69.0,41.4,91.6,86.0,876.6,474.4,29.0,188.4,538.4,4.2,1677.4,4.0,9.2,348.2,0.6,15.399999999999999,48.400000000000006,38.0,56.6,1.0,0.0,0.0,1.6,2.0,24.4,0.0,107.0,8.8,1.0,10.6,11.0,1.4000000000000001,3.0,79.0,0.0,0.0,2.2,175.4,0.0,27.400000000000002,185.8,0.0,71.4,56.599999999999994,2.0,832.8,29.2,0.0,21.8,44.2,244.6,1426.0,0.0,549.4,7214.0,0.14,7.5,99.1921,232.282,204.0,3.81,0.0,0.09,0.26,1.96,1569.19,3.5987799403174314,-3.3322939403388596,-0.28119191025899326,-0.1468428781204123
2013-04-01,91.8575,1907.75,152.5,1755.25,10.75,2.0,37.5,32.5,43.75,228.75,13.0,67.5,39.25,81.25,80.25,581.5,469.75,33.25,186.75,444.0,7.0,1456.75,4.75,7.5,110.0,0.5,15.0,33.75,40.0,60.5,1.0,0.0,0.0,1.75,2.5,25.0,2.0,107.5,0.0,1.0,11.5,10.25,1.5,3.5,79.5,0.5,0.0,2.75,175.25,0.0,30.75,181.75,0.0,60.25,6.0,1.25,836.0,29.25,0.5,23.0,41.5,214.0,1225.5,0.0,468.25,7374.0,0.15,7.6,99.1065,231.797,203.5,4.17,0.0,0.06,0.23,1.76,1597.57,1.808576399288797,-1.2327426777342776,-0.2087979266581219,-0.2450980392156854
2013-05-01,94.394,1894.6,127.6,1767.0,11.2,2.0,31.0,36.0,44.0,232.2,12.799999999999999,70.0,36.8,79.6,79.2,569.4,469.2,34.2,187.0,407.8,6.800000000000001,1480.0,5.8,7.6,87.0,0.4,14.8,28.8,41.0,60.8,1.0,0.0,0.0,4.0,1.8,27.2,1.2,106.8,0.0,1.0,11.6,9.799999999999999,1.4,3.6,76.19999999999999,0.0,0.0,2.0,175.79999999999998,0.0,32.2,187.79999999999998,0.0,58.4,9.8,1.4,837.8,30.8,1.0,23.2,42.6,219.0,1208.2,0.0,467.4,7326.0,0.11,7.5,99.1839,231.893,204.1,4.04,0.0,0.04,0.25,1.93,1630.74,2.0762783477406455,2.7613422964918533,0.041415548950163306,0.29484029484028174
2013-06-01,95.77250000000001,1943.5,182.75,1760.75,12.5,2.0,33.25,34.5,45.5,228.5,12.0,72.5,39.0,76.0,71.5,624.25,470.0,33.0,189.0,404.75,5.0,1533.75,6.75,7.25,111.75,1.0,14.0,23.0,37.75,61.75,1.0,0.0,0.0,4.0,2.0,28.0,0.75,106.0,7.5,0.0,10.5,10.0,1.0,3.0,76.0,0.0,0.25,1.25,177.25,0.0,31.75,179.25,0.0,54.0,39.0,1.75,841.25,33.5,1.0,23.25,47.0,254.0,1242.5,0.0,447.0,7277.0,0.09,7.5,99.3897,232.445,204.3,3.83,0.0,0.05,0.33,2.3,1606.28,-1.499932545960736,1.4603682437443144,0.23804082055085551,0.09799118079374391
2013-07-01,104.5275,2055.75,290.25,1765.5,14.0,2.0,31.25,31.75,50.0,232.75,11.5,71.25,40.25,76.75,73.0,736.25,464.5,36.0,184.5,457.75,6.25,1591.75,5.5,8.0,184.5,1.0,13.5,37.0,40.75,67.5,1.25,0.0,0.0,5.5,1.25,27.5,0.0,103.25,11.25,0.0,11.75,9.5,1.5,3.0,79.5,0.0,0.5,2.5,174.0,0.0,34.0,172.5,0.0,53.25,54.5,1.0,841.0,31.5,1.0,25.5,51.5,303.75,1304.0,0.0,448.0,7522.0,0.09,7.3,99.0814,232.9,204.4,3.62,0.0,0.04,0.34,2.58,1685.73,4.94621112134872,9.141455010571931,0.19574523005443378,0.04894762604013003
2013-08-01,106.298,2148.4,367.8,1780.6,13.600000000000001,2.2,31.8,26.8,50.4,233.8,11.0,72.4,43.199999999999996,86.4,71.8,820.2,466.6,36.4,181.79999999999998,516.4,6.8,1625.2,6.0,12.6,234.4,0.4,13.0,47.800000000000004,39.4,68.6,2.0,0.0,0.0,6.0,1.0,24.8,0.0,110.2,13.6,0.0,12.8,9.8,2.2,3.0,75.6,0.0,0.0,4.0,170.2,0.0,34.8,168.8,0.0,51.0,68.0,2.0,848.0,29.6,1.0,37.0,50.8,296.0,1380.8,0.0,471.6,7534.0,0.08,7.2,99.6543,233.456,204.2,3.43,0.0,0.04,0.36,2.74,1632.97,-3.12980133236046,1.69381263303916,0.23872906826962748,-0.09784735812133905
2013-09-01,106.6125,2146.75,386.75,1760.0,14.0,3.5,33.0,26.25,48.25,231.5,10.25,66.25,39.0,86.5,73.75,841.5,455.0,35.5,182.5,536.0,6.5,1604.25,5.5,11.75,257.0,0.0,12.25,50.25,37.75,68.75,2.5,0.0,0.0,6.0,1.0,28.0,0.0,111.25,10.0,0.0,12.75,12.75,0.25,2.25,72.25,0.0,0.0,5.0,169.5,0.0,34.5,165.5,0.0,51.75,64.5,1.25,837.25,29.75,0.25,35.75,49.5,279.25,1415.25,0.0,452.25,7838.0,0.08,7.2,100.161,233.544,203.9,3.62,0.0,0.02,0.4,2.81,1681.55,2.9749474883188354,0.29586633803080353,0.037694469193350066,-0.14691478942212566
2013-10-01,101.23,2121.5,377.5,1744.0,14.0,4.75,33.0,30.0,49.5,222.75,8.75,61.5,40.25,85.75,79.0,825.0,449.0,36.25,182.0,524.5,6.0,1591.0,3.0,10.25,241.25,0.0,11.5,52.25,41.0,71.5,3.0,0.0,0.0,5.0,1.0,24.5,0.0,108.25,9.0,0.0,8.0,11.25,1.5,2.0,74.5,0.0,0.0,3.5,170.75,0.0,34.0,175.0,0.0,56.75,71.5,1.0,820.25,29.0,0.75,31.25,49.0,270.25,1426.5,0.0,424.75,7760.0,0.09,7.2,100.082,233.669,202.5,3.68,0.0,0.05,0.34,2.62,1756.54,4.459575986441089,-5.0486575213975815,0.053523104853914205,-0.6866110838646411
2013-11-01,94.416,2141.6,385.2,1756.4,12.799999999999999,5.0,34.6,32.2,50.0,225.6,9.0,60.8,39.4,86.8,75.8,830.4,466.0,36.0,177.2,530.8,5.8,1605.0,3.8,9.0,248.20000000000002,0.0,11.6,53.0,39.6,68.8,3.0,0.0,0.0,4.4,1.0,27.0,0.2,108.4,9.4,0.0,8.4,13.200000000000001,1.0,2.0,78.4,0.0,0.0,1.4,165.2,0.0,34.2,174.2,0.0,55.6,73.2,1.0,829.0,27.8,1.0,33.0,55.6,259.2,1447.4,0.0,435.0,7919.0,0.08,6.9,100.3158,234.1,201.2,3.64,0.0,0.07,0.3,2.72,1805.81,2.804946087194149,-6.7312061641805805,0.18444894273523804,-0.6419753086419844
2013-12-01,97.61,2142.75,372.25,1770.5,12.25,5.25,34.0,34.0,49.5,228.0,9.0,56.5,40.75,86.0,77.5,815.5,473.75,37.75,183.0,534.0,1.75,1607.0,4.75,8.5,255.25,0.0,11.0,53.75,35.75,66.0,3.0,0.0,0.0,3.0,1.0,30.75,2.75,110.5,9.0,0.0,9.25,10.75,2.0,0.0,78.0,0.0,0.0,1.75,171.75,0.0,35.0,175.0,0.0,54.5,52.5,1.0,842.5,24.25,0.5,34.25,54.75,262.5,1451.25,0.0,429.0,7932.0,0.09,6.7,100.5175,234.719,202.0,4.24,0.0,0.07,0.34,2.9,1848.36,2.3562833299184183,3.382901203185895,0.2644169158479315,0.3976143141153132
2014-01-01,95.07000000000001,2273.2,504.4,1768.8,9.0,6.0,30.400000000000002,38.4,53.2,222.0,9.0,54.800000000000004,43.4,86.0,73.8,952.2,476.4,38.6,180.0,540.2,3.8000000000000003,1729.2,4.6,11.0,370.8,0.0,11.6,55.6,32.8,61.800000000000004,2.6,0.0,0.8,1.8,1.8,29.8,4.6,111.4,10.2,0.0,10.6,9.4,2.0,1.6,79.2,0.0,0.0,1.0,169.6,0.0,36.0,182.0,0.0,55.4,66.8,1.0,835.8,25.2,0.0,33.2,53.2,262.6,1547.0,0.0,463.6,8072.0,0.07,6.6,100.1599,235.288,203.8,4.71,0.0,0.04,0.39,2.86,1782.59,-3.5582895107013734,-2.602192398319836,0.24241752904536895,0.8910891089108919
2014-02-01,100.9225,2394.5,625.75,1768.75,7.75,5.25,30.25,36.0,54.25,218.5,9.0,53.5,42.0,80.25,75.25,1078.0,487.25,41.5,175.75,549.75,4.0,1840.75,5.0,13.25,459.25,0.0,12.0,63.5,34.75,61.0,0.5,0.0,1.0,1.0,1.75,31.75,3.5,106.25,13.5,0.0,10.25,8.0,2.0,2.0,81.5,0.0,0.0,0.75,167.5,0.0,39.5,182.25,0.0,53.25,88.75,0.25,843.75,26.0,0.0,29.0,51.75,249.0,1630.25,0.0,515.25,8149.0,0.07,6.7,100.9168,235.547,205.7,6.0,0.0,0.05,0.33,2.71,1859.45,4.3117037568930705,6.155990322919935,0.11007786202441583,0.9322865554465043
2014-03-01,100.76249999999999,2252.25,449.0,1803.25,9.25,5.75,26.0,33.0,54.25,222.0,9.0,52.75,44.25,77.25,72.25,910.0,512.75,40.75,183.0,512.0,4.0,1736.25,4.75,12.5,325.0,0.0,12.0,65.25,40.75,61.5,0.5,0.0,1.0,3.0,0.0,29.5,3.0,104.75,5.25,0.0,11.25,7.0,2.5,2.0,85.0,0.0,0.0,0.5,176.0,0.0,39.75,184.75,0.0,53.5,53.0,0.0,864.0,27.25,0.0,24.75,52.25,249.25,1549.25,0.0,453.75,8291.0,0.08,6.7,101.8942,236.028,207.0,4.9,0.0,0.05,0.4,2.72,1872.34,0.6932157358358504,-0.15853749163963204,0.204205530106516,0.6319883325230924
2014-04-01,102.31,2038.75,203.5,1835.25,8.5,7.0,24.0,26.75,54.25,220.0,9.5,61.25,44.75,81.5,73.25,670.25,535.5,36.75,185.5,430.5,4.25,1604.0,4.75,9.75,150.75,0.0,11.75,45.5,40.0,62.5,1.0,0.0,0.75,3.0,0.0,28.25,3.0,107.25,0.0,0.0,13.5,7.25,1.75,2.0,90.25,0.0,0.0,2.5,178.25,0.0,35.75,191.0,0.0,57.0,4.75,0.0,884.75,27.0,0.0,25.5,49.25,229.75,1410.0,0.0,399.0,8520.0,0.09,6.2,101.9928,236.468,208.3,4.66,0.0,0.03,0.42,2.71,1883.95,0.6200796863817581,1.535789604267479,0.18641856050976013,0.6280193236715137
2014-05-01,102.098,2021.2,162.6,1858.6,6.0,6.2,25.4,23.8,53.8,216.2,9.4,63.2,44.6,83.6,75.8,646.4,546.2,38.8,181.8,416.59999999999997,4.0,1600.6,5.8,9.6,114.8,0.0,11.4,33.4,44.8,65.2,1.4,0.0,0.0,1.8,1.2,32.2,2.8,113.8,0.0,0.0,11.6,8.600000000000001,2.2,2.0,88.6,0.0,0.0,2.2,173.4,0.0,37.2,194.4,0.0,59.2,12.200000000000001,0.0,892.2,27.0,0.0,26.0,46.2,217.6,1396.0,0.0,407.6,8636.0,0.09,6.3,102.3836,236.918,208.0,4.58,0.0,0.03,0.39,2.56,1923.57,2.1030282120013677,-0.20721337112696858,0.19030059035471947,-0.1440230436869916
2014-06-01,105.78,2101.0,239.75,1861.25,5.75,5.25,26.0,25.25,57.75,214.0,9.0,69.75,43.0,81.25,78.0,715.5,552.75,41.5,176.25,409.0,2.25,1689.75,6.75,9.75,150.25,0.0,11.0,26.75,47.5,66.75,2.0,0.0,0.0,1.25,2.0,31.75,3.0,108.5,2.5,0.0,11.5,6.5,1.5,0.5,89.25,0.0,0.0,2.0,169.75,0.0,39.5,201.5,0.0,58.0,58.25,0.0,890.5,27.0,0.0,25.25,50.25,236.5,1467.75,0.0,396.75,8734.0,0.1,6.1,102.735,237.231,208.3,4.59,0.0,0.04,0.45,2.6,1960.23,1.9058313448431896,3.6063390076201296,0.1321132206079767,0.14423076923077982
2014-07-01,103.8725,2225.75,350.0,1875.75,6.25,6.5,24.25,28.5,60.0,213.5,9.0,74.0,42.75,79.0,80.0,817.75,558.5,44.5,181.25,455.75,1.75,1768.25,6.0,8.75,227.25,0.0,11.0,40.0,44.25,68.5,2.0,0.0,0.0,2.5,1.75,30.0,3.0,111.0,4.0,0.0,15.0,6.5,1.0,0.75,92.0,0.0,0.0,2.25,174.75,0.0,42.5,202.75,0.0,54.5,76.5,0.0,892.0,27.0,0.0,26.5,51.75,245.75,1590.0,0.0,390.0,8837.0,0.09,6.2,102.9632,237.498,208.0,4.05,0.0,0.03,0.51,2.54,1930.67,-1.5079863077291922,-1.8032709396861413,0.11254852864928111,-0.1440230436869916
2014-08-01,97.612,2302.8,398.8,1904.0,6.2,7.4,25.8,33.0,60.2,201.4,8.8,70.0,44.4,77.2,79.4,895.4,558.4,44.2,191.0,494.59999999999997,2.6,1805.6,6.0,7.2,260.2,0.0,11.2,48.199999999999996,45.599999999999994,72.6,2.0,0.0,0.8,1.6,2.2,26.400000000000002,3.0,114.60000000000001,15.8,0.0,14.2,8.0,1.6,0.4,94.2,0.0,0.0,3.8000000000000003,182.0,0.0,42.2,209.79999999999998,0.0,52.2,70.8,1.0,900.2,23.8,0.0,28.2,53.0,245.8,1666.6,0.0,390.4,8920.0,0.09,6.1,102.7688,237.46,207.0,3.91,0.0,0.03,0.47,2.42,2003.37,3.765532172769026,-6.0271005319020965,-0.01600013473797013,-0.48076923076922906
2014-09-01,93.29,2335.75,406.25,1929.5,5.25,7.25,24.5,37.25,62.5,204.25,9.0,66.75,45.75,81.5,77.5,913.75,561.25,43.75,195.5,518.0,1.0,1816.75,4.5,9.5,260.25,0.0,12.0,50.75,45.5,75.5,2.0,0.0,0.75,1.0,3.0,24.5,3.0,114.5,14.25,0.0,13.75,8.0,2.5,0.0,98.5,0.0,0.0,1.75,186.5,0.0,41.75,213.5,0.0,57.5,79.25,1.0,902.25,23.0,0.0,27.75,57.75,252.0,1691.25,0.0,392.5,9070.0,0.09,5.9,103.0641,237.477,206.4,3.92,0.0,0.02,0.57,2.53,1972.29,-1.5513859147336717,-4.4277342949637255,0.007159100480080838,-0.28985507246376274
2014-10-01,85.072,2349.6,424.4,1925.2,4.8,6.2,21.4,38.400000000000006,62.800000000000004,212.8,8.799999999999999,62.199999999999996,42.199999999999996,81.8,76.2,930.2,561.8,46.2,193.8,519.4,0.6000000000000001,1829.6,6.0,8.2,280.6,0.0,11.4,45.8,45.4,75.60000000000001,2.4,0.0,0.0,1.0,2.4,24.2,3.0,111.4,14.399999999999999,0.0,15.4,11.2,2.0,0.0,100.4,0.0,0.0,0.0,182.4,0.0,42.0,207.8,0.0,54.8,83.6,1.0,899.2,23.4,0.2,33.0,61.4,242.6,1720.8,0.0,386.2,9250.0,0.09,5.7,103.0764,237.43,203.4,3.78,0.0,0.02,0.45,2.3,2018.05,2.3201456175308888,-8.809089934612501,-0.019791390324119806,-1.4534883720930258
2014-11-01,75.62,2345.75,421.0,1924.75,6.25,5.75,24.0,39.75,61.25,209.5,8.5,58.25,40.25,81.75,75.5,929.25,566.5,48.0,191.25,544.0,0.5,1801.25,8.75,8.25,281.25,0.0,11.5,52.0,45.5,73.0,2.0,0.0,0.0,1.0,2.5,25.25,3.0,110.0,15.5,0.0,13.0,11.0,2.0,0.25,98.0,0.0,0.0,1.0,179.75,0.0,44.0,210.75,0.0,55.25,71.25,0.5,903.75,22.75,0.75,31.5,60.75,234.25,1736.5,0.0,375.0,9307.0,0.09,5.8,103.7126,236.983,200.9,4.12,0.0,0.02,0.53,2.33,2067.56,2.4533584400783015,-11.110588677825838,-0.18826601524659647,-1.2291052114061007
2014-12-01,59.947500000000005,2209.4,341.6,1867.8,6.2,5.0,24.2,44.8,59.6,204.0,8.2,55.8,41.0,80.4,73.0,830.8,544.2,49.0,183.2,528.1999999999999,1.0,1680.2,6.2,10.2,248.8,0.0,11.2,48.0,36.6,68.2,2.0,0.0,0.0,1.0,2.2,28.4,3.0,111.4,8.8,0.0,14.4,9.4,2.8,0.0,101.39999999999999,0.0,0.0,2.4,173.8,0.0,46.0,209.0,0.0,54.2,33.6,0.0,865.6,23.0,0.0,30.2,57.6,220.4,1646.2,0.0,342.8,9546.0,0.12,5.6,103.7044,236.252,197.0,3.48,0.0,0.03,0.64,2.21,2058.9,-0.4188512062527794,-20.72533721237768,-0.30846094445592387,-1.9412643106022975
2015-01-01,48.212,2058.5,408.0,1650.5,6.5,5.75,23.25,42.5,53.5,185.25,9.0,43.5,42.75,75.75,63.5,820.5,481.0,46.5,159.25,517.0,0.25,1541.25,6.5,10.75,279.25,0.0,12.0,57.5,17.75,64.0,1.5,0.0,0.0,1.0,2.0,23.75,2.5,108.25,11.0,0.0,10.75,7.25,2.75,0.0,90.75,0.0,0.0,3.0,152.0,0.0,45.0,195.75,0.0,52.25,57.25,0.0,756.0,16.0,0.0,25.5,46.5,180.5,1563.0,0.0,315.0,9377.0,0.11,5.7,102.8905,234.747,192.0,2.99,0.0,0.03,0.55,1.88,1994.99,-3.1040847054252363,-19.57629592560157,-0.6370316441765556,-2.538071065989844
2015-02-01,50.6425,1711.0,363.25,1347.75,6.0,5.75,13.0,42.0,42.0,162.25,9.0,36.75,41.25,69.25,50.5,693.75,375.5,39.25,124.75,474.75,1.75,1234.5,5.5,9.75,248.25,0.0,11.25,56.5,15.5,48.75,1.0,0.0,0.0,1.75,1.25,17.75,3.5,106.5,8.5,0.0,7.5,4.25,3.25,0.0,71.0,0.0,0.0,3.25,120.5,0.0,37.25,162.0,0.0,54.0,46.75,0.0,599.5,11.5,0.0,17.25,37.25,146.75,1294.75,0.0,269.5,9485.0,0.11,5.5,102.2335,235.342,191.1,2.87,0.0,0.02,0.62,1.98,2104.5,5.4892505726845675,5.041276030863684,0.25346436802173855,-0.46875000000000666
2015-03-01,47.785,1303.5,195.0,1108.5,5.0,5.5,7.0,39.25,32.25,142.5,8.0,26.5,34.5,66.0,43.25,452.75,306.5,32.5,102.0,374.25,2.0,927.25,2.25,12.5,121.0,0.0,10.0,47.0,14.0,38.0,1.0,0.0,0.0,1.0,1.0,13.5,2.0,85.0,3.75,0.0,4.25,2.0,3.0,0.0,55.75,0.0,0.0,2.5,100.0,0.0,30.5,135.5,0.0,48.75,20.75,0.0,491.5,8.25,0.0,19.25,29.5,111.75,1012.75,0.0,179.0,9580.0,0.11,5.4,101.8914,235.976,191.5,2.83,0.0,0.03,0.64,2.04,2067.89,-1.7396056070325572,-5.642493952707706,0.26939517808124425,0.20931449502878952
2015-04-01,52.9025,1065.0,89.5,975.5,7.25,5.75,6.0,39.75,28.75,125.0,7.0,20.0,28.0,69.5,35.0,316.75,263.25,27.25,85.75,292.75,3.5,768.75,2.5,12.25,55.75,0.0,8.5,28.5,14.25,36.5,1.0,1.0,0.0,1.0,0.5,12.0,2.0,70.0,0.0,0.0,3.75,1.0,2.75,0.0,48.75,0.0,0.0,2.0,84.75,0.0,25.75,121.5,0.0,49.25,3.25,0.0,422.0,7.5,0.0,21.75,25.25,95.5,840.5,0.0,129.0,9652.0,0.12,5.4,101.3355,236.222,190.9,2.61,0.0,0.02,0.54,1.94,2085.51,0.8520762709815388,10.709427644658387,0.10424788961589382,-0.3133159268929431
2015-05-01,58.972,969.6,80.2,889.4,6.0,6.0,4.8,35.199999999999996,29.799999999999997,108.0,6.6000000000000005,16.0,26.8,65.6,22.799999999999997,303.6,234.6,25.0,78.8,278.4,4.4,686.8,3.0,9.600000000000001,52.2,0.0,7.0,16.6,12.600000000000001,39.0,1.0,0.4,0.0,3.4000000000000004,0.0,12.200000000000001,0.8,70.4,0.0,0.0,3.6,0.2,2.2,0.0,45.800000000000004,0.0,0.0,2.4,78.6,0.0,23.8,104.6,0.0,47.2,9.0,0.0,374.8,6.8,0.0,19.6,22.8,93.0,762.6,0.0,114.0,9466.0,0.12,5.6,100.8883,237.001,193.4,2.85,0.0,0.02,0.61,2.2,2107.39,1.0491438545008114,11.472992769717871,0.3297745341246827,1.3095861707700385
2015-06-01,59.9075,989.25,128.5,860.75,7.5,5.5,5.75,32.75,29.5,103.5,5.0,16.0,26.25,64.0,22.0,341.5,232.25,22.0,75.75,282.75,3.25,703.25,0.25,9.75,73.5,0.0,5.0,15.5,11.0,38.25,1.0,0.0,0.0,2.5,0.0,13.25,0.25,71.25,0.5,0.0,1.75,0.0,2.0,1.0,44.5,0.0,0.0,4.0,75.75,0.0,20.0,105.75,0.0,46.5,35.0,0.0,362.75,7.25,0.0,19.5,21.5,104.25,780.0,0.0,105.0,9350.0,0.13,5.3,100.571,237.657,194.8,2.78,0.0,0.02,0.69,2.36,2063.11,-2.10117728564716,1.5863460625381576,0.27679208104607333,0.7238883143743546
2015-07-01,51.82000000000001,1049.4,183.0,866.4,5.8,5.4,7.6,33.6,30.200000000000003,100.8,4.0,16.4,27.8,60.0,18.799999999999997,404.2,241.2,22.0,71.6,304.6,1.4,743.4,0.6000000000000001,10.2,113.0,0.0,4.0,24.2,11.2,38.2,1.0,0.0,0.0,2.0,0.0,10.2,2.6,73.6,3.4,0.0,3.2,1.0,2.0,1.0,49.8,0.4,0.0,4.0,70.6,0.0,19.4,106.2,0.0,44.2,38.4,0.0,369.2,6.6,0.0,18.0,21.2,98.2,825.6,0.0,125.6,9436.0,0.13,5.2,101.2228,238.034,193.9,2.84,0.0,0.03,0.67,2.32,2103.84,1.974203993000856,-13.499979134499007,0.15863197801873063,-0.462012320328542
2015-08-01,42.5525,1088.25,205.75,882.5,5.0,5.5,8.0,38.0,31.0,98.75,4.0,16.75,30.5,52.75,19.75,430.75,254.25,21.25,72.0,318.75,0.5,769.0,1.75,11.75,129.25,0.0,4.0,34.25,12.5,36.75,0.0,0.0,0.0,1.5,0.0,12.0,2.0,77.0,5.5,0.0,3.25,1.0,3.0,0.5,52.0,0.0,0.0,4.0,71.0,0.0,19.25,105.25,0.0,37.0,32.75,0.0,385.25,4.0,0.0,17.75,24.0,93.5,862.75,0.0,132.0,9400.0,0.14,5.1,101.0367,238.033,191.9,2.77,0.0,0.07,0.7,2.17,1972.18,-6.258080462392579,-17.884021613276737,-0.000420108051790713,-1.0314595152140282
2015-09-01,45.735,1030.5,182.5,848.0,4.75,7.5,6.5,39.25,29.25,89.0,3.75,13.75,28.25,50.0,16.75,401.25,251.5,19.5,69.5,309.75,0.0,720.75,2.75,12.75,122.0,0.0,3.75,32.25,14.0,33.0,0.0,0.0,0.0,2.5,0.0,9.75,1.0,72.0,5.0,0.0,4.0,1.0,2.0,1.0,48.75,0.0,0.0,2.0,68.5,0.0,18.5,105.75,0.0,34.0,21.25,0.0,367.25,4.5,0.0,17.0,24.25,92.75,812.0,0.0,125.75,9471.0,0.14,5.0,100.7547,237.498,189.1,2.66,0.0,0.02,0.71,2.17,1920.03,-2.6442819620927094,7.47899653369366,-0.22475875193775918,-1.4590932777488352
2015-10-01,46.065999999999995,974.8,184.2,790.6,2.0,8.0,6.0,36.4,26.8,78.0,4.0,12.0,25.0,45.0,12.799999999999999,399.4,234.2,20.8,64.4,299.8,0.2,674.8,1.4,11.6,116.60000000000001,0.0,4.0,30.599999999999998,13.6,30.2,0.0,0.0,0.8,2.5999999999999996,0.0,8.8,0.0,68.6,2.0,0.0,5.4,1.0,0.8,0.0,43.0,0.0,0.0,1.0,63.4,0.0,19.8,90.2,0.0,28.6,34.0,0.0,349.2,5.0,0.0,17.4,25.2,93.2,766.2,0.0,115.4,9394.0,0.12,5.0,100.2675,237.733,187.5,2.34,0.0,0.02,0.64,2.07,2079.36,8.298307838940033,0.7237345577784993,0.09894820166906904,-0.8461131676361644
2015-11-01,42.4475,937.5,177.75,759.75,2.0,9.5,6.5,33.0,27.25,73.25,4.0,13.0,27.0,42.75,11.5,377.5,226.75,20.5,63.0,297.5,0.0,640.0,0.0,12.75,114.5,0.0,4.0,30.25,10.25,30.5,0.0,0.0,1.0,2.75,0.0,10.0,0.5,67.0,2.0,0.0,7.0,0.5,0.5,0.0,38.25,0.0,0.0,0.25,62.5,0.0,19.5,82.75,0.0,28.75,30.75,0.0,339.0,5.0,0.0,15.0,22.25,82.25,747.25,0.0,108.0,9328.0,0.12,5.1,99.5298,238.017,185.7,2.09,0.0,0.12,0.88,2.26,2080.41,0.05049630655584725,-7.855034081535184,0.11946174910508756,-0.9600000000000053
2015-12-01,37.3425,855.0,144.4,710.6,2.0,8.2,7.4,37.4,23.599999999999998,75.8,2.4,14.2,26.0,41.4,11.8,320.2,211.2,16.6,56.8,262.8,0.0,592.2,0.6,11.4,96.8,0.0,2.4,27.2,8.6,25.0,0.0,0.0,1.0,1.2,0.0,11.0,0.4,58.4,1.2,0.0,5.2,0.0,0.8,0.0,37.8,0.0,0.0,0.2,56.8,0.0,15.6,86.0,0.0,27.6,19.0,0.0,323.4,3.2,0.0,14.8,19.400000000000002,72.4,686.8,0.0,95.8,9270.0,0.24,5.0,99.0417,237.761,183.5,1.93,0.0,0.23,0.98,2.24,2043.94,-1.7530198374358763,-12.026621120207304,-0.10755534268560574,-1.184706515885836
2016-01-01,32.646,861.0,218.5,642.5,3.0,7.5,4.5,37.75,20.25,66.75,0.0,13.25,20.5,36.0,11.0,382.5,198.0,13.75,46.25,241.0,0.0,620.0,1.25,10.5,140.25,0.0,0.0,32.0,7.25,21.0,0.0,0.0,0.25,1.0,0.0,10.5,0.75,54.5,5.25,0.0,5.5,0.0,3.0,0.0,30.5,0.0,0.0,2.0,46.25,0.0,13.75,86.25,0.0,24.0,39.0,0.0,296.0,3.0,0.0,12.0,15.25,72.5,678.0,0.0,110.5,9209.0,0.34,4.8,99.5607,237.652,182.6,2.28,0.0,0.26,0.9,2.09,1940.24,-5.073534448173622,-12.576822655151643,-0.04584435630738959,-0.49046321525886283
2016-02-01,30.185000000000002,743.25,211.25,532.0,2.25,4.75,3.75,35.0,17.75,54.75,0.0,8.75,14.75,29.5,9.0,341.75,170.25,12.75,38.25,203.25,0.0,540.0,0.0,12.5,134.5,0.0,0.0,33.75,7.25,20.0,0.0,0.0,0.0,0.0,0.0,7.75,1.25,46.25,4.0,0.0,2.0,0.0,1.5,0.0,21.75,0.0,0.0,3.0,38.25,0.0,12.75,75.5,0.0,17.25,36.0,0.0,244.25,0.75,0.0,12.25,10.75,59.0,583.5,0.0,100.75,9067.0,0.38,4.9,99.0445,237.336,181.3,1.99,0.0,0.31,0.73,1.78,1932.23,-0.41283552550199776,-7.538442688231328,-0.13296753235823022,-0.7119386637458813
2016-03-01,37.4725,565.0,87.75,477.25,1.75,3.5,4.5,34.75,15.0,43.75,0.0,8.5,14.5,30.0,7.25,206.75,152.25,10.75,31.75,155.5,0.0,409.5,0.5,11.5,56.5,0.0,0.0,21.0,6.75,17.0,0.0,0.0,0.0,0.25,0.0,7.75,1.0,48.75,0.5,0.0,1.75,0.0,1.5,0.0,14.75,0.0,0.0,3.0,31.75,0.0,10.75,66.5,0.0,18.0,6.75,0.0,217.0,0.75,0.0,12.0,9.0,54.25,450.25,0.0,60.5,9109.0,0.36,5.0,98.3096,238.08,182.1,1.73,0.0,0.29,0.88,1.89,2059.74,6.599110871894109,24.142786152062268,0.31347962382444194,0.44125758411470706
2016-04-01,40.186,478.2,41.4,436.8,2.0,3.2,5.2,29.6,14.8,40.8,0.0,3.8,12.4,28.0,4.4,156.4,139.6,11.2,26.8,119.0,0.6000000000000001,358.6,1.2,7.6,30.0,0.0,0.0,7.6000000000000005,4.2,16.8,0.0,0.2,0.0,0.6000000000000001,0.0,5.4,1.8,46.8,0.0,0.0,2.0,0.0,1.0,0.0,17.4,0.0,0.4,1.2,26.8,0.0,11.2,62.0,0.0,16.4,2.2,0.0,193.4,2.0,0.0,11.6,8.4,51.2,372.8,0.0,54.2,8880.0,0.37,5.1,98.6421,238.992,183.2,1.92,0.0,0.23,0.77,1.81,2065.3,0.269936982337593,7.241310294215775,0.38306451612901693,0.6040637012630468
2016-05-01,46.5925,448.75,41.5,407.25,1.25,2.25,3.75,27.75,12.75,31.75,0.0,4.5,13.5,26.0,4.25,150.5,136.75,10.25,23.5,112.5,2.0,334.25,0.5,5.75,27.75,0.0,0.0,5.0,4.75,15.5,0.0,1.0,0.0,1.0,0.75,3.25,3.0,44.5,0.0,0.0,3.0,0.0,0.75,0.0,17.5,0.0,1.0,1.75,23.5,0.0,10.25,57.25,0.0,16.0,6.0,0.0,178.75,3.0,0.0,10.0,7.25,44.75,351.25,0.0,52.75,8839.0,0.37,4.8,98.4184,239.557,185.3,1.92,0.0,0.27,0.82,1.81,2096.95,1.5324650171887777,15.942119145971233,0.23640958693178504,1.1462882096070048
2016-06-01,48.945,479.5,62.75,416.75,0.75,2.25,4.5,25.25,12.25,31.75,0.0,7.0,17.0,23.5,4.0,170.5,145.0,11.75,24.0,121.5,1.5,356.5,1.0,8.5,41.25,0.0,0.0,4.75,5.0,16.25,0.0,1.0,0.0,1.5,0.25,2.0,2.0,45.25,0.25,0.0,2.0,0.0,0.0,0.0,20.0,0.0,0.25,0.25,24.0,0.0,11.75,56.75,0.0,13.25,16.0,0.0,184.75,3.75,0.0,10.75,7.0,46.0,381.5,0.0,52.0,8679.0,0.38,4.9,98.8833,240.222,187.6,2.59,0.0,0.27,0.73,1.64,2098.86,0.09108467059302239,5.049095884530774,0.2775957287827202,1.2412304371289817
2016-07-01,45.242000000000004,543.2,94.6,448.6,0.6,2.0,7.0,28.0,16.4,33.4,0.0,8.4,16.2,22.8,4.8,202.0,162.4,12.2,27.000000000000004,136.79999999999998,2.8,403.6,1.0,6.6,60.99999999999999,0.0,0.0,9.2,5.8,19.8,0.0,0.4,0.6,2.6,0.0,0.8,1.0,44.2,0.6,0.0,1.8,0.0,0.4,0.4,23.8,0.0,1.0,1.6,27.000000000000004,0.8,12.2,59.0,0.0,13.8,20.4,0.0,206.4,3.2,0.0,10.0,7.800000000000001,46.0,430.59999999999997,0.0,66.6,8669.0,0.39,4.8,98.9992,240.101,187.7,2.82,0.0,0.3,0.67,1.5,2173.6,3.5609807228685897,-7.565634896312179,-0.05037007434789409,0.05330490405117683
2016-08-01,44.535,610.0,128.75,481.25,1.0,2.0,4.25,30.5,17.5,36.0,0.0,9.25,14.25,22.75,3.5,237.5,190.25,13.5,27.75,141.5,2.75,465.75,2.5,4.0,83.25,0.0,0.0,13.0,5.25,20.5,0.0,0.0,1.0,2.25,0.0,0.0,1.0,42.25,4.25,0.0,3.25,0.0,0.0,1.0,30.25,0.0,0.5,0.25,27.75,1.0,13.5,61.5,0.0,16.5,26.5,0.0,230.5,2.75,0.0,7.25,8.25,48.75,496.0,0.0,65.25,8695.0,0.4,4.9,98.85,240.545,186.6,2.82,0.0,0.3,0.74,1.56,2170.95,-0.12191755612808164,-1.56270721895585,0.18492217858316895,-0.586041555673944
2016-09-01,45.31,649.4,140.6,508.8,0.8,2.8,1.8,32.599999999999994,15.799999999999999,37.4,0.2,9.2,13.4,29.4,2.4,258.8,201.8,14.8,28.2,154.2,1.8,493.4,1.6,5.2,91.6,0.0,0.2,12.6,5.4,19.2,0.0,0.0,0.4,2.0,0.0,0.0,1.0,40.0,4.0,0.0,3.8,0.0,0.0,1.0,28.6,0.0,0.0,0.8,28.2,0.0,13.8,65.6,0.0,21.6,31.599999999999998,0.0,244.2,4.6000000000000005,0.0,9.4,13.0,54.0,527.2,0.0,68.2,8547.0,0.4,5.0,98.7457,241.176,186.9,2.99,0.0,0.29,0.77,1.63,2168.27,-0.12344825997834263,1.74020433367017,0.26232097944252075,0.1607717041800738
2016-10-01,49.9225,699.75,156.5,543.25,0.0,4.0,3.0,38.5,16.5,33.0,1.0,10.0,16.75,34.0,2.5,287.25,207.0,15.0,31.25,181.75,2.25,515.75,0.5,9.25,110.25,0.0,1.0,14.0,6.0,19.25,0.0,0.0,0.0,1.25,1.25,0.0,1.75,45.5,4.0,0.0,2.75,0.0,0.0,1.0,31.75,0.0,0.0,1.75,31.25,0.5,14.0,72.25,0.0,25.25,26.0,0.0,250.25,4.5,0.0,9.75,14.75,59.25,580.25,0.0,60.25,8809.0,0.4,4.9,98.7611,241.741,186.7,2.98,0.0,0.33,0.84,1.76,2126.15,-1.942562503747225,10.179871992937528,0.23426874979268764,-0.10700909577314732
2016-11-01,45.629999999999995,751.5,172.0,579.5,0.0,5.0,2.5,39.75,17.5,37.25,1.0,10.5,22.0,35.75,2.75,302.25,223.25,17.25,34.75,198.0,2.0,551.5,0.5,7.5,110.25,0.0,1.0,17.25,6.0,19.5,0.0,0.0,0.0,1.75,0.25,0.0,2.0,50.0,5.25,0.0,2.5,0.0,0.0,1.0,30.75,0.0,0.0,0.5,34.75,1.0,16.25,77.25,0.0,26.75,37.75,0.0,271.25,4.75,0.0,10.0,15.75,57.25,627.25,0.0,67.0,8908.0,0.41,4.7,98.3491,242.026,186.3,2.55,0.0,0.45,0.98,2.14,2198.81,3.4174446769983158,-8.598327407481609,0.11789477167711837,-0.2142474558114449
2016-12-01,51.412,842.8,209.0,633.8,0.4,4.4,3.2,36.6,23.2,43.4,1.0,13.4,26.599999999999998,39.2,3.4,343.8,253.0,19.4,31.799999999999997,234.0,4.0,604.8,1.4000000000000001,7.4,145.2,0.0,1.4,22.6,6.0,25.799999999999997,0.0,0.0,0.0,0.8,2.0,0.6,0.4,47.6,2.6,0.0,2.8,0.0,0.0,1.0,31.6,0.0,0.0,1.4,31.799999999999997,0.6,18.4,81.8,0.0,31.0,36.6,0.0,310.2,4.0,0.0,9.2,18.599999999999998,61.199999999999996,701.0,0.0,80.60000000000001,8820.0,0.54,4.7,99.0214,242.637,188.2,3.59,0.0,0.51,1.2,2.49,2238.83,1.8200754044233047,12.671488056103453,0.2524522158776188,1.0198604401502775
2017-01-01,52.4925,984.25,301.75,682.5,1.0,4.25,2.25,42.25,22.75,49.25,0.75,9.5,29.25,39.5,2.25,448.5,276.75,21.75,34.25,279.75,1.5,703.0,1.0,8.25,216.5,0.0,0.75,28.5,6.0,27.5,0.0,0.0,0.0,1.0,1.0,0.0,0.0,51.25,9.0,0.0,2.25,0.25,0.0,1.0,38.5,0.0,0.0,0.75,34.0,0.25,20.25,89.25,0.0,32.75,46.75,0.0,336.25,4.5,0.0,8.25,18.5,71.0,812.0,0.0,101.25,8875.0,0.65,4.7,98.7611,243.618,190.7,3.3,0.0,0.51,1.21,2.43,2278.87,1.7884341374735824,2.1016494203687897,0.4043076694815628,1.3283740701381497
2017-02-01,53.365,1085.5,341.75,743.75,1.75,5.0,4.0,51.75,21.0,60.0,1.0,10.25,32.5,41.25,2.75,495.25,301.25,21.5,36.25,290.25,1.0,794.25,2.0,9.0,239.75,0.0,1.0,30.75,6.0,26.0,0.0,0.0,0.0,1.0,0.75,0.0,0.0,51.5,11.25,0.0,2.5,1.0,0.0,1.0,48.0,0.0,0.0,1.5,35.25,0.0,19.5,101.5,0.0,33.75,58.5,0.0,370.25,5.5,0.0,9.5,18.75,85.0,893.75,0.0,106.75,9097.0,0.66,4.6,98.3646,244.006,191.6,2.85,0.0,0.52,1.2,2.42,2363.64,3.7198260541408734,1.662142210792017,0.15926573570097524,0.47194546407971494
2017-03-01,49.702,1042.4,253.20000000000002,789.2,2.0,7.8,4.4,49.0,23.4,70.4,1.0,12.600000000000001,36.4,42.4,5.0,414.0,311.8,21.599999999999998,40.6,276.2,1.8,764.4,2.0,5.199999999999999,180.6,0.0,1.0,30.4,7.2,28.2,0.0,0.0,0.0,1.6,0.0,0.0,0.0,54.8,4.2,0.0,4.0,0.4,0.0,0.2,47.2,0.6,0.0,1.0,40.2,0.0,20.599999999999998,109.2,0.0,32.4,37.0,0.0,399.0,8.0,0.0,10.4,17.0,72.2,870.4,0.0,99.8,9168.0,0.79,4.4,99.0137,243.892,191.5,2.88,0.0,0.74,1.31,2.48,2362.72,-0.03892301704151446,-6.864049470626821,-0.04672016261895173,-0.052192066805845094
2017-04-01,51.165,961.75,108.5,853.25,2.0,10.0,5.5,52.0,24.25,77.0,1.0,9.75,37.5,45.5,8.0,285.25,338.0,22.75,43.25,240.0,2.0,719.75,2.25,6.0,89.25,0.0,1.0,17.75,8.75,28.5,0.25,0.0,0.0,2.0,0.0,0.0,0.0,58.5,0.0,0.0,2.5,0.0,0.0,0.0,55.5,1.0,0.0,0.25,43.25,0.0,21.75,124.5,0.0,33.5,1.25,0.0,425.25,8.0,0.0,12.0,18.75,67.75,812.25,0.5,81.25,9105.0,0.9,4.4,100.0224,244.193,193.0,3.1,0.0,0.8,1.24,2.3,2384.2,0.909121690255299,2.943543519375469,0.12341528217407749,0.7832898172323688
2017-05-01,48.425,977.75,85.0,892.75,1.0,8.25,6.5,53.25,25.0,84.25,1.0,10.0,39.5,44.0,7.75,271.75,357.25,24.25,44.0,229.5,1.0,747.25,3.25,7.0,66.5,0.0,1.0,10.75,9.0,31.0,0.5,0.0,0.0,2.0,0.0,0.0,1.0,63.0,0.0,0.5,1.0,0.0,0.0,0.0,56.0,0.0,0.0,1.75,44.0,0.0,23.25,120.75,0.0,34.0,6.0,0.0,452.75,8.0,0.0,11.0,23.75,68.75,829.5,0.0,79.5,9189.0,0.91,4.4,100.1408,244.004,192.8,3.15,0.0,0.89,1.3,2.3,2411.8,1.157621004949272,-5.3552232971758045,-0.07739779600562935,-0.10362694300517505
2017-06-01,45.614,1081.2,149.8,931.4,0.6000000000000001,8.2,7.2,58.8,27.4,84.39999999999999,1.0,10.6,40.4,44.6,7.8,345.8,367.8,27.6,49.0,248.6,0.4,832.2,3.0,5.6,86.4,0.0,1.0,19.4,10.0,35.6,0.2,0.0,0.0,3.0,0.0,0.0,0.2,65.2,4.0,0.0,2.6,0.0,0.0,0.0,59.0,0.0,0.0,2.2,49.0,0.0,26.6,129.6,0.0,33.8,37.8,0.0,460.8,8.4,0.0,12.6,25.200000000000003,73.8,916.2,0.0,91.2,9113.0,1.04,4.3,100.3471,244.163,193.6,2.98,0.0,0.98,1.34,2.19,2423.41,0.48138319927024664,-5.804852865255549,0.0651628661825221,0.4149377593360981
2017-07-01,46.2875,1151.0,198.0,953.0,1.0,9.5,6.75,61.0,28.75,79.5,1.0,14.25,44.0,45.25,5.75,399.0,373.75,28.25,53.25,272.0,0.0,879.0,2.5,6.0,126.0,0.0,1.0,23.5,12.0,36.75,0.0,0.0,0.0,2.0,0.0,0.0,1.0,69.75,6.25,0.0,2.5,1.0,0.25,0.0,59.0,0.0,0.0,0.75,53.25,0.0,27.25,133.75,0.0,34.0,41.5,0.0,463.5,9.0,0.0,13.25,25.25,77.5,988.25,0.0,85.25,9260.0,1.15,4.3,100.1068,244.243,193.5,2.98,0.0,1.07,1.37,2.32,2470.3,1.9348768883515444,1.476520366554146,0.03276499715354486,-0.05165289256198191
2017-08-01,48.45,1164.25,217.0,947.25,1.5,8.5,7.0,64.75,30.0,75.5,1.0,14.75,45.25,45.25,5.75,406.0,377.5,29.25,52.25,278.25,0.5,885.5,2.0,5.25,143.75,0.0,1.0,24.25,14.75,37.0,0.0,0.0,0.0,1.0,0.0,0.0,2.0,66.0,5.25,0.0,1.75,1.0,0.0,0.0,61.25,0.0,0.0,1.75,52.25,0.0,28.25,131.25,0.0,33.25,42.0,0.0,460.0,9.25,0.0,14.0,26.0,81.5,1001.5,0.0,81.25,9262.0,1.16,4.4,99.6925,245.183,193.8,2.9,0.0,1.01,1.34,2.21,2471.65,0.05464923288669432,4.671887658655138,0.38486261632881824,0.15503875968991832
2017-09-01,49.244,1149.2,209.60000000000002,939.6,2.0,8.6,7.0,64.2,27.6,70.60000000000001,0.2,14.6,45.0,46.2,4.0,395.40000000000003,382.6,30.0,51.2,286.40000000000003,1.0,861.8,1.6,4.800000000000001,138.6,0.0,0.2,25.400000000000002,16.0,34.800000000000004,0.0,0.0,0.0,1.2,0.0,0.0,2.0,65.0,4.4,0.0,3.0,0.0,0.0,0.0,67.39999999999999,0.0,0.0,1.0,51.2,0.0,29.0,128.2,0.0,32.8,40.2,0.0,453.2,8.8,0.0,15.4,25.0,83.6,981.0,0.0,84.6,9513.0,1.15,4.3,99.7954,246.435,194.8,2.98,0.0,1.03,1.38,2.2,2519.36,1.9302894827342154,1.6388028895768736,0.5106389920997767,0.5159958720330149
2017-10-01,51.3125,1125.0,203.5,921.5,2.0,10.5,5.25,62.0,25.25,65.5,0.0,11.75,42.5,44.25,4.75,390.0,381.0,30.0,50.25,276.75,0.5,847.75,2.0,4.5,140.0,0.0,0.0,23.75,14.5,33.75,0.0,0.0,0.0,1.5,0.0,0.5,2.0,64.5,4.0,0.0,3.25,0.0,0.25,0.0,68.25,0.0,0.0,2.0,50.25,0.0,29.0,125.0,0.0,31.5,33.75,0.0,442.25,11.5,0.0,14.75,22.25,82.75,965.25,0.0,77.0,9667.0,1.15,4.2,101.0247,246.626,194.9,2.88,0.0,1.07,1.55,2.36,2575.26,2.2188174774546043,4.200511737470558,0.07750522450138408,0.051334702258731824
2017-11-01,56.230000000000004,1115.25,204.5,910.75,1.0,8.0,5.0,71.5,25.75,66.5,0.0,10.0,39.0,42.0,5.0,376.75,387.5,29.75,47.5,271.0,0.25,844.0,1.0,5.25,148.75,0.0,0.0,23.25,14.0,36.75,0.0,0.0,0.0,1.0,0.0,0.0,2.0,60.25,4.75,0.0,1.5,1.25,0.0,0.0,67.75,0.0,0.0,1.25,46.5,0.0,29.5,121.0,0.0,31.0,26.5,0.0,446.25,11.0,0.0,12.25,22.5,78.25,968.25,0.0,68.75,10086.0,1.16,4.2,101.2664,247.284,195.9,3.01,0.0,1.23,1.7,2.35,2647.58,2.8082601368405458,9.583434835566385,0.2668007428251684,0.5130836326321164
2017-12-01,57.92999999999999,1135.0,205.0,930.0,1.0,8.0,5.0,72.0,24.0,69.4,0.0,11.2,45.8,46.2,4.0,374.8,398.0,27.8,47.8,279.0,0.0,856.0,1.4,5.0,153.79999999999998,0.0,0.0,19.6,14.0,33.800000000000004,0.0,0.0,0.0,1.0,0.0,0.2,2.0,62.2,3.2,0.0,2.0,1.4,0.0,0.0,72.8,0.0,0.0,1.4,46.8,0.0,27.0,120.8,0.0,34.400000000000006,27.0,0.0,455.6,11.8,0.2,12.8,24.8,77.0,984.2,0.0,73.8,9987.0,1.3,4.1,101.4644,247.805,196.3,2.82,0.0,1.32,1.84,2.4,2673.61,0.9831619818853499,3.023297172327921,0.21068892447551058,0.20418580908627693
2018-01-01,63.3825,1214.75,278.25,936.5,1.0,8.75,4.0,71.25,25.75,68.25,0.0,11.75,45.5,50.5,3.5,443.5,409.75,25.75,45.5,287.0,0.0,927.75,1.5,5.25,193.5,0.0,0.0,24.25,14.0,33.5,0.0,0.0,0.0,1.0,0.0,0.0,2.0,59.5,5.75,0.0,2.5,1.0,0.0,0.0,81.0,0.0,0.0,1.25,44.5,0.0,24.75,119.25,0.0,36.5,53.5,0.0,456.25,11.0,0.5,15.0,27.5,81.0,1047.75,0.0,86.0,10000.0,1.41,4.0,101.4625,248.859,197.9,3.87,0.0,1.41,2.03,2.58,2823.81,5.617872464570373,9.412221646815144,0.42533443635115464,0.8150789607743292
2018-02-01,62.589999999999996,1291.25,322.75,968.5,1.25,7.5,2.0,67.5,25.75,68.75,0.0,11.75,49.5,55.0,3.5,493.75,433.0,23.25,48.75,282.5,0.0,1008.75,1.0,7.0,222.0,0.0,0.0,24.5,14.0,33.0,0.0,0.0,0.0,1.0,0.0,0.5,2.0,59.5,6.0,0.0,2.0,1.0,0.0,0.0,86.25,0.0,0.0,1.75,47.75,0.0,22.25,119.75,0.0,38.25,68.5,0.0,476.25,10.0,0.0,17.75,29.25,87.75,1107.25,0.0,96.25,10263.0,1.42,4.1,101.7085,249.529,199.3,2.67,0.0,1.57,2.18,2.86,2713.83,-3.8947379604151844,-1.25034512680946,0.26922876006090224,0.707427993936327
2018-03-01,62.815999999999995,1206.4,217.8,988.6,1.0,7.2,2.0,63.2,24.0,71.0,0.6,12.6,51.6,56.4,3.6,399.2,438.8,23.0,52.2,263.2,0.8,942.4,1.0,9.0,158.8,0.0,0.6,17.2,14.0,30.4,0.0,0.0,0.0,0.0,0.0,0.0,0.0,57.8,4.2,0.0,3.4,1.0,0.0,0.6,87.6,0.0,0.0,2.8,51.2,0.0,22.0,121.8,0.0,41.0,34.8,0.0,492.0,8.4,0.0,16.4,30.400000000000002,77.8,1039.8,0.0,88.8,10467.0,1.51,4.0,102.2067,249.577,199.3,2.69,0.0,1.7,2.28,2.84,2640.87,-2.6884513768364315,0.3610800447355844,0.0192362410782021,0.0
2018-04-01,66.13749999999999,1109.0,97.75,1011.25,1.25,8.0,3.0,64.75,23.0,74.75,0.75,11.5,52.25,55.0,3.0,284.25,448.5,24.25,54.75,251.0,1.0,857.0,0.5,7.25,80.0,0.0,1.0,12.0,14.25,29.5,0.0,0.0,0.0,0.0,0.5,1.0,0.0,57.75,0.0,0.0,5.0,1.0,0.0,1.25,89.0,0.0,0.0,2.75,53.75,0.0,22.75,128.5,0.0,40.25,3.0,0.0,505.25,8.0,0.0,16.25,28.5,71.25,977.5,0.0,60.25,10493.0,1.69,4.0,103.3329,250.227,200.3,2.8,0.0,1.76,2.38,2.87,2648.05,0.2718801001185378,5.28766556291389,0.2604406656061986,0.5017561465127995
2018-05-01,70.305,1127.75,82.25,1045.5,2.25,9.0,3.25,71.0,23.75,77.25,0.0,13.0,54.0,55.0,4.5,267.0,466.5,24.5,56.75,245.0,2.0,880.75,1.0,7.5,62.5,0.0,1.0,11.5,15.0,29.25,1.0,0.0,0.0,0.0,1.0,0.25,0.0,61.0,0.0,0.0,2.75,1.0,0.0,2.0,91.25,0.0,0.0,2.75,55.75,0.0,23.5,137.75,0.0,39.0,5.5,0.0,524.25,8.0,0.0,17.0,26.25,70.0,991.0,0.0,66.75,10432.0,1.7,3.8,102.4024,250.792,203.2,2.8,0.0,1.86,2.51,2.98,2705.27,2.160835331659139,6.301266301266328,0.2257949781598212,1.4478282576135593
2018-06-01,67.774,1192.4,136.4,1056.0,3.0,8.4,4.0,73.4,26.0,80.8,0.0,15.4,53.0,54.4,5.6,313.2,476.2,23.4,55.6,242.8,2.0,947.6,1.4,8.6,86.2,0.0,1.0,14.4,15.2,32.6,0.2,0.0,0.0,0.0,1.0,0.0,0.0,57.6,1.0,0.0,3.0,0.4,0.0,2.0,92.2,0.0,0.0,2.6,55.2,0.0,22.4,140.0,0.0,38.0,32.2,0.0,534.0,8.0,0.0,17.4,25.8,71.4,1053.0,0.0,68.0,10641.0,1.82,4.0,103.198,251.018,204.2,2.97,0.0,1.9,2.53,2.91,2718.37,0.4842400204046138,-3.6000284474788535,0.09011451720948305,0.49212598425196763
2018-07-01,71.1625,1253.25,203.25,1050.0,2.0,7.5,3.5,69.75,25.0,80.75,0.0,14.25,48.75,53.25,5.0,386.75,476.75,23.25,56.75,250.25,1.5,1001.5,1.0,6.0,136.0,0.0,1.0,13.5,15.25,31.75,0.0,0.0,0.0,0.0,2.0,0.25,0.0,55.75,4.25,0.0,3.0,0.0,0.0,1.5,101.25,0.0,0.0,2.75,56.75,0.0,22.25,139.25,0.0,37.5,46.75,0.0,525.25,6.0,0.0,16.75,27.5,76.5,1106.5,0.0,70.25,10903.0,1.91,3.8,103.3646,251.214,204.3,2.83,0.0,1.96,2.61,2.89,2816.29,3.6021586465418753,4.999704901584678,0.07808204989283585,0.04897159647405669
2018-08-01,68.25399999999999,1270.2,220.2,1050.0,2.0,6.8,2.2,66.6,24.4,79.0,0.0,15.2,48.6,52.6,4.8,406.4,484.40000000000003,22.8,54.4,257.0,2.0,1011.2,1.2,5.6,152.0,0.0,0.2,15.4,15.4,30.0,0.8,0.0,0.0,0.0,2.0,0.4,0.0,56.400000000000006,4.4,0.0,3.6,0.0,0.2,1.0,103.6,0.0,0.0,1.4,54.4,0.0,21.8,139.0,0.0,40.2,46.99999999999999,0.0,525.4,6.0,0.0,13.4,29.4,72.6,1118.2,0.0,79.4,11396.0,1.91,3.8,104.0327,251.663,203.4,2.96,0.0,2.03,2.64,2.89,2901.52,3.0263218631604083,-4.087124538907439,0.17873207703393845,-0.4405286343612369
2018-09-01,70.14750000000001,1253.75,201.25,1052.5,2.25,7.0,2.0,64.75,26.75,78.5,0.0,13.25,48.5,54.5,3.75,393.0,485.25,21.0,53.25,253.5,1.75,998.5,1.0,6.0,134.0,0.0,0.0,14.0,14.5,31.75,1.0,0.0,0.0,0.0,2.0,0.0,0.0,60.5,4.5,0.0,5.0,0.0,0.0,0.75,98.75,0.0,0.0,2.0,53.25,0.0,19.25,138.25,0.0,43.25,46.75,0.75,528.25,5.25,0.0,13.0,30.0,73.75,1106.25,0.0,73.75,11444.0,1.95,3.7,104.1004,252.182,203.6,3.0,0.0,2.13,2.77,3.0,2913.98,0.42943009181395375,2.7741963840947292,0.2062281702117419,0.0983284169124854
2018-10-01,71.44,1254.5,192.0,1062.5,3.0,7.75,2.25,64.0,27.5,78.25,0.0,13.5,50.25,55.75,7.0,384.75,488.25,19.25,53.0,261.0,0.75,992.75,1.0,4.5,132.25,0.0,0.0,14.5,14.0,32.5,0.25,0.0,0.0,0.0,2.0,1.0,0.0,62.75,5.0,0.0,5.0,0.5,0.0,0.0,100.5,0.0,0.0,2.25,52.5,0.0,17.25,141.75,0.0,44.5,38.0,0.25,533.25,6.0,0.0,13.25,29.75,75.5,1105.5,0.0,73.5,11508.0,2.19,3.8,103.9856,252.772,204.6,3.28,0.0,2.25,2.86,3.15,2711.74,-6.940335897981464,1.8425460636515734,0.2339580144498754,0.4911591355599265
2018-11-01,57.910000000000004,1275.8,198.79999999999998,1077.0,3.0,7.0,1.4,58.2,28.6,78.2,0.0,15.2,51.2,56.4,7.0,403.6,491.6,18.0,56.4,272.0,0.0,1003.8,0.8,5.6,137.2,0.0,0.0,16.2,15.0,33.4,0.2,0.0,0.0,0.6,2.0,0.0,0.0,65.2,4.4,0.0,5.0,2.8,0.0,0.0,105.8,0.0,0.0,2.4,53.6,0.0,16.6,145.4,0.0,45.2,38.6,0.0,532.6,5.0,0.0,12.600000000000001,29.6,79.0,1114.2,0.0,82.60000000000001,11892.0,2.2,3.8,104.0681,252.594,202.3,4.09,0.0,2.33,2.86,3.12,2760.17,1.785938179914015,-18.938969764837623,-0.07041919199911595,-1.1241446725317572
2018-12-01,49.0925,1217.5,140.25,1077.25,2.0,6.25,1.5,58.0,29.0,80.25,0.0,12.5,51.0,56.75,6.75,355.0,486.75,16.5,55.25,270.5,0.0,947.0,1.0,6.25,103.25,0.0,0.0,15.75,15.0,33.5,0.5,0.0,0.0,0.25,2.0,1.75,0.0,65.25,1.5,0.0,5.25,3.25,0.0,0.0,106.75,0.0,0.0,1.75,52.0,0.0,14.5,140.75,0.0,46.75,18.0,0.0,531.0,6.0,0.0,12.0,33.5,79.25,1059.25,0.0,79.0,11951.0,2.27,3.9,104.0936,252.767,201.0,4.04,0.0,2.37,2.68,2.83,2506.85,-9.177695576721733,-15.226213089276463,0.06848935445813442,-0.6426099851705391
2019-01-01,50.645,1240.0,175.25,1064.75,2.5,6.0,2.0,60.0,31.0,80.5,0.0,9.5,53.25,60.75,7.0,368.0,485.0,18.0,56.5,274.75,0.0,965.25,2.0,9.75,120.5,0.0,0.0,14.75,8.25,34.75,0.0,0.0,0.0,0.0,2.0,1.75,0.0,63.0,2.25,0.0,2.25,2.25,0.0,0.0,108.0,0.0,0.0,2.5,54.25,0.0,16.5,132.0,0.0,47.75,35.25,0.0,526.0,6.5,0.0,14.5,33.25,69.0,1084.25,0.0,86.75,11873.0,2.4,4.0,103.4021,252.561,199.1,3.11,0.0,2.37,2.54,2.71,2704.1,7.868440473103688,3.1623975148953543,-0.08149798035343991,-0.9452736318408039
2019-02-01,54.445,1277.75,229.75,1048.0,4.5,5.0,1.75,58.75,31.25,81.75,0.0,4.75,55.25,62.25,10.0,409.75,476.25,19.0,57.5,271.75,0.0,1006.0,0.5,10.75,155.0,0.0,0.0,15.5,9.75,34.75,1.0,0.0,0.0,0.0,2.0,0.0,0.0,63.5,3.25,0.0,3.75,0.0,0.0,0.0,110.0,0.0,0.0,1.75,57.5,0.0,18.0,119.5,0.0,45.5,54.25,0.0,510.5,8.0,0.0,17.75,35.25,74.75,1096.25,0.0,106.75,11653.0,2.4,3.8,102.8371,253.319,199.2,2.69,0.0,2.39,2.5,2.68,2784.49,2.972893014311606,7.5032086089446,0.3001255142321968,0.050226017076848706
2019-03-01,57.842,1173.4,150.8,1022.6,5.0,4.0,1.2,53.6,30.6,81.0,0.0,6.4,57.6,64.4,6.2,330.0,461.59999999999997,15.4,56.4,255.4,0.0,918.0,0.4,8.6,110.2,0.0,0.0,16.0,14.600000000000001,33.2,1.0,0.0,0.0,0.0,1.2,0.0,0.0,64.6,1.4,0.0,3.0,0.0,0.0,0.0,105.19999999999999,0.0,0.0,0.6,56.4,0.0,14.4,111.8,0.0,46.8,22.6,0.0,498.8,7.8,0.2,18.6,36.0,72.2,1020.2,0.0,81.0,11912.0,2.41,3.8,102.8757,254.277,200.8,2.95,0.0,2.4,2.41,2.57,2834.4,1.792428775107835,6.239324088529696,0.37817929172307974,0.8032128514056325
2019-04-01,63.885,1078.25,65.75,1012.5,5.0,1.5,1.0,48.0,29.5,76.25,0.0,8.5,55.5,63.5,4.0,246.0,462.25,17.0,60.25,235.25,0.0,843.0,0.75,7.25,48.5,0.0,0.0,14.5,12.75,31.75,1.0,0.0,0.0,0.0,0.75,0.5,0.0,63.75,0.0,0.0,3.75,0.0,0.25,0.0,105.25,0.0,0.0,1.75,60.25,0.0,14.75,103.75,0.0,44.5,1.0,0.0,498.0,7.0,0.75,21.25,34.5,78.75,945.5,0.0,54.0,12144.0,2.42,3.7,102.274,255.233,202.1,2.65,0.0,2.38,2.34,2.53,2945.83,3.9313434942139347,10.447425745997707,0.3759679404743643,0.6474103585657254
2019-05-01,60.891999999999996,1056.4,70.0,986.4,5.0,3.0,1.0,46.2,29.400000000000002,74.4,0.0,7.4,51.0,61.4,5.2,242.8,454.6,18.4,56.599999999999994,225.6,0.0,830.8,1.8,7.8,47.2,0.0,0.0,13.2,15.6,32.2,1.0,0.0,0.0,0.0,0.0,0.0,0.0,62.6,0.0,0.0,2.8000000000000003,0.0,0.0,0.0,102.2,0.0,0.0,3.2,56.599999999999994,0.0,17.8,103.2,0.0,41.4,6.4,0.0,482.4,6.6,0.0,20.6,31.799999999999997,76.2,930.4,0.0,49.8,12151.0,2.39,3.6,102.392,255.296,201.7,2.64,0.0,2.35,2.21,2.4,2752.06,-6.577772648116154,-4.684980824919782,0.02468332856644384,-0.19792182088075316
2019-06-01,54.655,1082.75,113.25,969.5,6.0,2.5,1.0,45.5,27.5,72.75,0.0,6.5,53.0,58.0,3.25,291.75,441.75,17.5,55.75,219.5,0.5,862.75,2.5,6.75,62.75,0.0,0.0,10.75,18.0,30.5,0.0,0.0,0.0,0.0,0.0,0.0,0.0,70.0,2.5,0.0,4.5,0.0,0.0,0.0,100.25,0.0,0.0,2.5,55.75,0.0,18.0,101.0,0.0,38.0,34.75,0.0,466.75,6.0,0.0,20.0,31.5,74.25,955.0,0.0,53.5,12222.0,2.38,3.6,102.4375,255.213,200.3,2.4,0.0,2.17,1.81,2.07,2941.76,6.893018320821498,-10.242724824279048,-0.03251128102280676,-0.6941001487357323
2019-07-01,57.2825,1075.75,120.5,955.25,5.25,2.25,1.0,48.25,27.25,67.5,0.0,4.0,51.25,58.0,2.0,298.75,440.75,16.5,53.0,209.5,1.25,865.0,1.25,9.0,65.75,0.0,0.0,11.0,17.5,30.75,0.0,0.0,0.0,0.0,0.0,0.25,0.0,66.25,3.0,0.0,5.25,0.0,0.0,0.0,105.0,0.0,0.0,2.75,53.0,0.0,17.0,95.75,0.0,37.0,38.0,0.0,456.75,6.25,0.0,21.25,33.0,74.25,941.75,0.0,59.75,11907.0,2.4,3.7,101.9408,255.802,200.7,2.37,0.0,2.1,1.84,2.06,2980.38,1.3128195366039375,4.807428414600667,0.23078761661827762,0.19970044932600128
2019-08-01,55.17,1067.8,141.6,926.2,4.4,3.2,1.0,45.8,27.2,66.6,0.0,3.4000000000000004,50.2,54.6,2.4,309.0,438.0,13.8,48.199999999999996,210.2,0.4,857.2,0.0,9.4,93.0,0.0,0.0,7.8,18.0,30.2,0.4,0.0,0.0,0.4,0.0,0.4,0.0,60.6,2.8,0.0,4.4,0.0,0.0,0.0,108.8,0.0,0.0,2.8,48.199999999999996,0.0,13.2,84.2,0.0,36.8,35.2,0.0,449.2,6.8,0.0,18.8,36.4,75.8,934.4,0.0,57.6,12488.0,2.13,3.6,102.639,256.036,199.2,2.22,0.0,1.95,1.57,1.63,2926.46,-1.809165274226776,-3.6878627853183743,0.09147700174354512,-0.7473841554558991
2019-09-01,57.03,1009.75,131.75,878.0,2.5,3.5,3.25,38.75,22.5,64.5,0.0,2.75,49.75,50.5,2.0,284.5,419.25,12.25,53.75,192.25,0.5,817.0,0.5,7.75,85.75,0.0,0.0,9.5,16.25,26.0,1.5,0.5,0.0,1.0,0.0,0.0,0.0,57.75,3.0,0.75,2.0,0.5,0.0,0.0,108.5,0.0,0.0,0.5,53.75,0.0,11.25,70.75,0.0,35.5,33.0,0.0,427.25,4.5,0.0,16.75,35.25,65.75,888.5,0.0,55.5,12596.0,2.04,3.5,102.2917,256.43,198.4,2.56,0.0,1.89,1.65,1.7,2976.74,1.7181167690656807,3.3713974986405715,0.1538846099767177,-0.40160642570280514
2019-10-01,53.77,993.0,145.0,848.0,1.75,3.0,4.0,31.75,21.5,60.75,0.0,1.75,51.5,45.25,2.25,285.0,418.75,11.25,54.5,182.5,1.0,809.5,0.75,8.25,95.75,0.0,0.0,9.75,14.0,24.25,2.0,1.0,0.0,1.0,0.0,0.0,0.0,55.25,3.0,0.25,2.0,1.25,0.0,0.0,111.5,0.0,0.0,2.25,53.5,0.0,10.75,59.75,0.0,30.75,34.25,0.75,418.75,3.75,0.0,15.5,33.0,58.75,876.75,0.25,57.25,12809.0,1.83,3.6,101.4281,257.155,198.6,2.33,0.0,1.65,1.55,1.71,3037.56,2.0431747482144935,-5.716289672102404,0.2827282299262768,0.10080645161290036
2019-11-01,56.736000000000004,945.8,135.79999999999998,810.0,0.4,3.0,3.6,27.799999999999997,21.6,60.6,0.0,0.0,51.800000000000004,37.8,2.4,263.8,409.2,12.200000000000001,51.6,177.4,2.6,765.8,0.0,7.0,92.39999999999999,0.0,0.0,9.2,14.8,23.6,1.0,1.0,0.0,1.0,0.0,0.0,0.0,55.8,3.0,0.0,2.4,1.4,0.2,0.8,104.8,0.0,0.0,2.0,50.199999999999996,0.0,12.200000000000001,51.4,0.0,24.0,29.2,0.0,409.6,4.4,0.0,13.799999999999999,30.6,58.0,833.8,0.0,54.0,12998.0,1.55,3.6,101.9372,257.879,199.0,2.65,0.0,1.54,1.61,1.81,3140.98,3.404706409091518,5.516087037381445,0.281542260504386,0.20140986908359082
2019-12-01,59.7325,938.75,134.75,804.0,0.0,3.0,1.5,23.5,20.25,63.5,0.0,1.0,50.0,39.75,2.0,266.25,404.75,11.5,51.75,182.0,3.0,753.75,0.75,6.5,88.75,0.0,0.0,8.5,14.5,22.25,1.0,1.0,0.0,0.0,2.0,0.25,0.0,57.0,3.0,0.0,4.0,2.0,0.5,1.0,103.25,0.0,0.0,2.25,49.75,0.0,11.5,50.75,0.0,24.5,32.25,0.0,405.5,4.0,0.0,15.25,26.75,56.0,823.0,0.0,59.75,12983.0,1.55,3.6,101.7003,258.63,199.0,2.22,0.0,1.54,1.61,1.86,3230.78,2.8589803182446305,5.281479131415678,0.29122185210892493,0.0
2020-01-01,57.94199999999999,996.0,204.6,791.4,2.6,2.0,1.0,20.4,19.4,68.4,0.0,0.6000000000000001,44.6,40.4,2.0,328.8,402.8,10.6,52.4,200.4,3.0,792.6,0.0,8.8,141.8,0.0,0.0,15.4,14.0,21.4,0.0,1.0,0.0,0.0,2.0,0.0,0.0,54.6,2.4,0.0,0.0,1.4,0.0,1.0,105.80000000000001,0.0,0.0,2.2,51.0,0.0,10.6,52.4,0.0,24.799999999999997,42.8,0.0,398.4,4.6,0.0,15.6,24.0,51.4,886.8,0.0,57.800000000000004,12865.0,1.55,3.6,101.0338,259.127,199.3,2.02,0.0,1.52,1.52,1.76,3225.52,-0.1628089811129274,-2.9975306575147687,0.19216641534238743,0.1507537688442362
2020-02-01,50.6725,1039.25,249.0,790.25,4.75,1.0,1.0,19.25,19.75,69.5,0.0,1.5,41.75,38.25,2.0,368.25,408.25,11.0,53.0,191.5,2.25,845.5,0.0,10.25,159.5,0.0,0.0,17.25,13.5,21.25,0.0,1.0,0.0,0.0,1.75,0.0,0.0,51.25,3.0,0.0,0.0,1.0,0.0,0.25,113.75,0.0,0.0,2.25,52.0,0.0,11.0,49.75,0.0,24.25,67.0,0.0,397.0,6.0,0.0,14.0,22.25,52.5,925.5,0.0,61.25,12864.0,1.58,3.5,101.3735,259.25,196.7,1.91,0.0,1.52,1.33,1.5,2954.22,-8.411046900964813,-12.546166856511675,0.04746707213065804,-1.304565980933281
2020-03-01,30.3975,903.75,132.5,771.25,4.0,1.0,1.0,17.0,19.75,66.5,0.0,2.5,42.25,38.5,1.75,244.0,405.0,9.5,51.0,158.75,2.0,743.0,1.0,9.75,96.25,0.0,0.0,12.0,12.0,20.5,0.0,1.0,0.0,0.0,1.0,0.0,0.0,47.5,1.25,0.0,1.0,1.0,0.0,0.0,113.5,0.0,0.0,1.75,50.0,0.0,9.5,43.5,0.0,24.0,21.25,0.0,394.25,7.25,0.0,14.5,20.0,51.25,808.75,0.0,43.75,12805.0,0.65,4.4,97.4078,258.076,193.1,1.79,1.0,0.29,0.45,0.87,2584.59,-12.511932083595656,-40.011840742019835,-0.4528447444551498,-1.8301982714794107
2020-04-01,17.385,598.0,33.0,565.0,4.0,0.75,1.75,7.75,16.25,46.25,0.0,2.25,36.5,36.0,0.0,102.25,299.0,9.0,36.25,118.0,2.0,478.0,0.5,5.0,21.0,0.0,0.0,9.5,7.75,16.25,0.0,1.0,0.0,0.0,1.0,0.0,0.0,42.0,0.0,0.0,0.5,0.25,0.0,0.0,86.75,0.0,0.0,1.0,36.0,0.0,9.0,24.75,0.0,24.5,1.5,0.0,283.25,6.0,0.0,11.5,9.0,33.75,540.75,0.0,23.5,11918.0,0.05,14.8,84.5619,256.032,185.5,1.74,1.0,0.14,0.22,0.66,2912.43,12.684410293315374,-42.807796693807056,-0.7920147553434065,-3.9357845675815573
2020-05-01,26.572000000000003,371.4,23.4,348.0,2.6,0.2,2.0,4.0,6.2,25.0,0.0,2.0,32.0,29.6,0.0,61.4,180.4,8.4,17.6,95.4,2.0,274.0,0.0,3.0,12.4,0.0,0.0,6.6,4.8,7.2,0.0,1.0,0.0,0.0,1.0,0.0,0.0,36.4,0.0,0.0,0.0,0.0,0.0,0.0,65.2,0.0,0.0,2.4,17.6,0.0,8.4,12.8,0.0,22.2,2.0,0.0,157.8,0.0,0.0,7.4,3.2,28.8,333.0,0.0,9.6,9723.0,0.05,13.2,85.9604,255.802,188.6,1.75,0.0,0.13,0.17,0.67,3044.31,4.528177501261843,52.84440609721024,-0.08983252093487382,1.6711590296495826
2020-06-01,38.19,291.5,18.0,273.5,1.0,0.5,2.0,5.25,4.75,12.0,0.0,0.25,32.0,27.5,0.0,51.25,135.25,9.0,10.75,88.25,2.0,201.25,0.0,3.0,8.5,0.0,0.0,5.75,4.0,5.75,0.0,1.0,0.0,0.0,1.0,0.0,0.0,33.0,0.0,0.0,1.0,0.0,0.0,0.0,53.75,0.0,0.0,1.75,10.75,0.0,9.0,10.0,0.0,21.5,2.0,0.0,113.0,0.0,0.0,6.0,0.75,25.25,254.5,0.0,11.75,10450.0,0.08,11.0,91.5934,257.042,191.2,1.63,0.0,0.16,0.19,0.73,3100.29,1.8388403283502663,43.72271564052384,0.4847499237691677,1.3785790031813239
2020-07-01,40.577999999999996,287.8,32.6,255.2,1.0,0.0,0.6000000000000001,5.800000000000001,4.0,11.0,0.0,0.4,32.4,26.400000000000002,0.0,64.2,125.0,6.800000000000001,10.2,96.4,2.2,189.2,0.0,3.0,20.4,0.0,0.0,7.6000000000000005,4.0,5.0,0.0,1.0,0.0,0.0,1.0,0.0,0.0,30.2,0.0,0.0,1.0,0.0,0.0,0.0,49.4,0.0,0.0,1.4,10.2,0.0,6.800000000000001,10.2,0.0,21.0,3.2,0.0,106.0,0.0,0.0,5.4,1.0,25.2,247.0,0.0,15.6,11014.0,0.09,10.2,95.0256,258.352,193.0,1.76,0.0,0.13,0.15,0.62,3271.12,5.51012969754443,6.252945797329135,0.5096443382793581,0.9414225941422716
2020-08-01,42.3275,302.5,52.75,249.75,0.25,0.75,0.0,6.0,4.0,10.0,0.0,1.0,32.75,25.5,0.0,83.5,122.75,5.5,10.5,105.0,2.0,195.5,0.0,3.0,31.5,0.0,0.0,12.25,4.0,5.0,0.0,1.0,0.0,0.0,1.0,0.0,0.0,31.5,0.0,0.0,0.0,0.0,0.0,0.0,46.0,0.0,0.0,1.5,10.5,0.0,5.5,11.0,0.0,19.0,7.5,0.0,104.75,0.0,0.0,6.5,1.0,26.75,262.75,0.0,13.0,10600.0,0.1,8.4,95.9549,259.316,194.3,2.3,0.0,0.1,0.14,0.65,3500.31,7.006468732421922,4.31144955394549,0.3731343283582156,0.6735751295336767
2020-09-01,39.6375,316.25,59.75,256.5,0.0,1.0,0.0,6.0,4.0,9.75,0.0,1.0,35.75,25.25,0.0,94.5,124.25,5.25,9.5,107.25,3.0,206.0,0.0,2.75,33.25,0.0,0.0,13.25,4.0,5.0,0.0,1.0,0.0,0.0,1.0,0.0,0.0,37.75,0.5,0.0,0.0,0.5,0.0,0.0,44.25,0.0,0.0,1.5,9.0,0.0,5.25,11.75,0.0,18.25,11.25,0.0,107.5,0.0,0.0,7.5,1.0,24.75,272.0,0.25,19.25,10963.0,0.09,7.8,95.9669,259.997,195.5,1.92,0.0,0.11,0.13,0.68,3363.0,-3.92279540954944,-6.3552064260823276,0.2626139536318739,0.6176016469377155
2020-10-01,39.452,360.8,80.8,280.0,0.0,0.8,0.0,6.8,3.4,14.8,0.0,0.4,36.6,25.8,0.0,121.8,132.8,6.0,11.6,114.4,3.0,243.4,0.4,2.4,44.8,0.0,0.0,14.799999999999999,4.0,4.4,0.0,1.0,0.0,0.0,1.0,0.0,0.0,38.4,1.0,0.0,0.4,1.0,0.0,0.0,45.2,0.0,0.0,1.4,10.6,0.0,6.0,13.4,0.0,18.2,18.8,0.0,122.0,1.7999999999999998,0.0,7.6,2.2,24.6,314.4,0.2,21.6,10492.0,0.09,6.9,96.7394,260.319,196.5,2.39,0.0,0.1,0.15,0.79,3269.96,-2.76657746060065,-0.46799116997793266,0.1238475828567287,0.5115089514066584
2020-11-01,41.0725,405.0,94.5,310.5,0.0,0.0,0.0,9.75,3.25,20.5,0.0,0.0,38.5,26.5,0.0,136.25,154.5,4.25,11.5,129.75,2.75,272.5,0.0,3.0,54.75,0.0,0.0,18.25,4.75,4.25,0.0,0.75,0.0,0.0,1.0,0.0,0.0,38.0,1.0,0.0,0.0,0.5,0.0,0.0,54.0,0.0,0.0,0.75,11.0,0.0,4.25,13.25,0.0,19.5,19.75,0.0,143.75,3.0,0.0,7.0,2.5,23.75,358.75,0.0,22.5,11225.0,0.09,6.7,97.0816,260.911,198.3,2.61,0.0,0.09,0.17,0.87,3621.63,10.754565805086314,4.107523066004259,0.2274132890799363,0.9160305343511421
2020-12-01,46.777499999999996,432.4,91.2,341.2,0.0,0.0,0.0,8.2,5.800000000000001,25.4,0.0,0.8,41.2,26.2,0.0,137.2,170.79999999999998,5.8,11.0,135.0,1.4,296.0,0.0,2.6,60.8,0.0,0.0,15.6,6.0,6.6000000000000005,0.0,0.0,0.0,0.0,1.0,0.0,0.0,41.199999999999996,0.8,0.0,0.0,0.0,0.0,0.0,63.0,0.0,0.0,0.6,11.0,0.0,4.8,14.8,0.0,18.6,13.4,0.0,156.4,3.0,0.0,8.6,3.5999999999999996,22.0,392.6,0.0,17.8,11188.0,0.09,6.7,98.363,262.045,200.5,2.58,0.0,0.09,0.14,0.93,3756.07,3.712140665943231,13.890072432893042,0.4346309661148906,1.1094301563287834
2021-01-01,51.232000000000006,529.75,156.0,373.75,0.0,0.0,0.5,10.0,6.5,27.5,0.0,0.0,44.25,30.0,0.0,208.5,187.0,4.5,11.0,158.0,1.0,370.75,0.0,3.75,104.75,0.0,0.0,20.0,7.0,7.5,0.0,0.0,0.0,0.0,1.0,0.0,0.0,46.0,2.5,0.0,0.0,0.0,0.0,0.0,66.5,0.0,0.0,0.75,11.0,0.0,4.5,17.5,0.0,19.0,28.0,0.0,171.75,3.0,0.0,11.0,4.25,27.5,479.5,0.0,22.75,11156.0,0.09,6.4,98.8822,262.687,204.8,2.71,0.0,0.08,0.13,1.08,3714.24,-1.1136640158463607,9.522740633851768,0.24499608845809373,2.14463840399004
2021-02-01,59.1,567.5,170.5,397.0,0.0,0.0,1.0,9.0,7.0,28.75,0.0,0.0,46.25,30.25,0.0,221.75,203.25,7.0,13.25,164.75,1.0,401.75,0.0,3.5,111.0,0.0,0.0,21.25,7.0,8.0,0.0,0.0,0.0,0.0,1.0,0.0,0.0,47.25,3.0,0.0,0.0,0.0,0.0,0.0,61.25,0.0,0.0,1.0,13.25,0.0,7.0,17.25,0.0,18.5,34.25,0.0,193.25,3.0,0.0,11.75,5.0,25.75,514.75,0.0,27.0,9931.0,0.08,6.2,95.6149,263.579,210.6,5.35,0.0,0.04,0.12,1.26,3811.15,2.6091474971999817,15.357589006870697,0.33956762230333837,2.83203125
2021-03-01,62.62,515.75,107.5,408.25,0.0,0.0,1.0,10.75,7.0,30.25,0.0,0.0,45.25,30.25,0.0,154.75,215.0,8.5,13.0,147.0,1.0,367.75,0.0,3.0,74.75,0.0,0.0,18.0,7.0,8.25,0.0,0.0,0.0,0.0,1.0,0.0,0.0,45.75,1.0,0.0,0.0,0.0,0.0,0.0,63.75,0.0,0.0,0.0,13.0,0.0,8.5,16.5,0.0,18.5,13.75,0.0,203.0,3.25,0.0,11.75,5.0,17.75,471.25,0.0,26.75,11376.0,0.07,6.1,98.3856,264.961,215.0,2.62,0.0,0.03,0.15,1.61,3972.89,4.243863400810777,5.9560067681895035,0.524320981565296,2.089268755935425
2021-04-01,61.517999999999994,493.6,57.800000000000004,435.8,0.0,0.0,1.0,12.0,7.0,33.2,0.0,2.2,44.8,29.4,0.0,114.60000000000001,225.0,9.8,14.6,132.0,1.6,360.0,0.0,3.0,42.2,0.0,0.0,14.0,7.0,10.0,0.0,0.0,0.0,0.0,1.0,0.0,0.0,47.2,0.0,0.0,0.4,0.0,0.0,0.0,70.2,0.0,0.0,0.6,14.6,0.0,9.8,20.4,0.0,18.4,1.0,0.0,211.0,7.6,0.0,11.0,4.2,21.4,450.0,0.0,22.2,11355.0,0.07,6.1,98.5587,266.614,217.9,2.66,0.0,0.02,0.16,1.64,4181.17,5.242531255584737,-1.7598211434046718,0.6238653990587206,1.3488372093023226
2021-05-01,65.17,511.75,58.5,453.25,0.5,0.5,1.0,13.75,6.75,32.75,0.0,3.0,47.75,29.5,0.0,119.5,231.0,10.0,15.75,133.5,0.5,377.75,0.0,3.75,37.5,0.0,0.0,11.0,6.0,9.75,0.0,0.0,0.0,0.0,1.0,0.0,0.0,53.25,0.0,0.0,0.0,0.0,0.0,0.0,70.75,0.0,0.0,1.0,15.75,0.0,10.0,24.25,0.0,18.5,9.0,0.0,216.25,9.0,0.0,11.0,4.0,28.0,466.0,0.25,17.5,11425.0,0.06,5.8,99.4333,268.383,224.9,2.91,0.0,0.02,0.16,1.62,4204.11,0.5486502581813157,5.936473877564308,0.6635060424433847,3.2124827902707764
2021-06-01,70.97,567.5,103.25,464.25,1.75,1.0,0.75,15.5,7.5,32.5,0.0,1.5,48.75,27.5,0.0,170.0,235.25,9.0,16.5,135.75,0.0,431.75,0.0,3.5,60.25,0.0,0.0,12.75,6.25,9.5,0.0,0.0,0.0,0.75,0.25,0.0,0.0,52.0,2.5,0.5,0.0,0.0,0.0,0.0,74.5,0.0,0.0,2.0,16.5,0.0,9.0,27.5,0.0,17.25,25.75,0.0,219.25,9.5,0.0,10.25,7.75,28.75,518.5,0.0,20.25,11401.0,0.08,5.9,99.7987,270.654,228.9,3.26,0.0,0.04,0.2,1.52,4297.5,2.221397632316946,8.899800521712443,0.8461787818155431,1.7785682525566893
2021-07-01,72.60799999999999,628.4,145.0,483.4,1.4,1.0,0.0,16.4,11.0,32.0,0.0,1.9999999999999998,48.4,28.2,0.0,220.4,239.4,10.0,18.2,155.0,1.2,472.2,0.0,4.6,93.0,0.0,0.0,17.8,6.0,12.0,0.0,0.0,0.0,1.0,0.0,0.0,0.0,51.8,2.8,1.0,0.0,0.0,0.0,0.0,74.8,0.0,0.0,1.0,18.2,0.0,10.0,28.6,0.0,18.4,30.4,0.0,225.20000000000002,10.4,0.0,9.8,11.6,36.0,573.0,0.0,19.400000000000002,11420.0,0.1,5.4,100.2519,271.903,231.85,3.84,0.0,0.05,0.22,1.32,4395.26,2.274810936591054,2.308017472171331,0.4614747980816958,1.2887723896898073
2021-08-01,67.6175,656.5,155.75,500.75,3.25,1.0,0.0,17.5,12.0,34.5,0.0,4.25,45.75,28.5,0.0,230.0,246.25,11.5,22.0,161.0,1.75,493.75,0.0,4.25,103.5,0.0,0.0,20.25,5.75,11.0,0.0,0.0,0.0,1.0,0.0,0.0,0.0,48.25,3.0,1.0,0.0,1.0,0.0,0.0,79.0,0.0,0.0,0.75,21.0,0.0,11.5,30.5,0.0,19.0,28.25,0.0,231.0,10.5,0.0,9.5,16.5,33.0,602.5,0.0,21.0,11318.0,0.09,5.1,100.0437,272.676,233.415,4.07,0.0,0.05,0.22,1.28,4522.68,2.8990321391681118,-6.873209563684424,0.2842925602144719,0.6750053914168719
2021-09-01,70.5,661.0,152.75,508.25,2.5,1.25,0.0,18.5,12.0,35.5,0.0,3.75,47.5,26.75,0.75,221.75,255.75,12.0,23.0,160.5,1.25,499.25,0.0,5.0,104.0,0.0,0.0,18.25,6.0,11.0,0.0,0.0,0.0,1.0,0.0,0.0,0.0,39.0,3.0,1.0,0.0,1.0,0.0,0.0,83.0,0.25,0.0,1.0,22.0,0.0,12.0,34.5,0.0,18.0,26.5,0.0,237.0,11.0,0.0,8.5,18.0,21.25,609.5,0.0,30.25,10961.0,0.08,4.7,98.8579,273.91,235.678,5.16,0.0,0.04,0.24,1.37,4307.54,-4.756914042116634,4.262949680186323,0.4525517463950024,0.9695178116230663
2021-10-01,80.49000000000001,704.0,166.0,538.0,2.0,2.0,0.0,21.2,11.8,39.0,0.0,3.0,46.4,26.8,1.0,250.6,266.40000000000003,10.6,23.2,168.8,0.4,534.8,0.0,5.6000000000000005,118.2,0.0,0.0,18.0,8.4,11.2,0.0,0.0,0.0,1.0,0.0,0.0,0.0,46.6,3.0,1.0,0.6,1.0,0.0,0.0,86.2,0.0,0.0,1.0,22.2,0.0,10.6,42.0,0.0,17.2,25.8,0.0,247.8,9.6,0.0,10.2,16.8,36.4,635.0,0.0,32.6,11640.0,0.08,4.5,100.1861,276.55,240.465,5.51,0.0,0.05,0.39,1.58,4605.38,6.9143873301234615,14.17021276595747,0.9638202329232071,2.0311611605665414
2021-11-01,80.125,726.0,166.5,559.5,0.5,3.0,0.75,23.5,11.5,41.25,0.0,3.0,46.25,28.75,0.0,257.0,275.25,10.5,24.75,167.0,0.0,559.0,0.0,6.0,115.5,0.0,0.0,12.5,10.0,12.0,0.0,0.0,0.0,1.0,0.0,0.0,0.0,48.75,3.0,0.25,0.5,0.75,0.0,0.0,83.25,0.0,0.0,1.0,24.0,0.0,10.5,44.0,0.0,18.25,34.5,0.0,265.5,9.0,0.0,10.75,15.0,44.0,655.0,0.0,27.0,11871.0,0.08,4.1,100.8654,278.919,243.287,5.05,0.0,0.05,0.51,1.56,4567.0,-0.8333731418471491,-0.45347248105356286,0.8566262881938069,1.173559561682569
2021-12-01,71.412,728.6,149.4,579.2,0.6,2.2,0.2,25.6,11.0,43.6,0.0,3.8,47.2,29.400000000000002,0.0,238.4,288.8,10.8,27.0,163.8,0.2,564.6,0.0,5.2,104.4,0.0,0.0,11.2,8.4,12.0,0.0,0.0,0.0,1.0,0.0,0.0,0.0,48.2,2.6,0.0,0.0,0.0,0.0,0.0,90.80000000000001,0.0,0.0,0.8,27.0,0.0,10.8,47.0,0.0,18.8,30.4,0.0,274.8,9.6,0.0,10.6,15.0,37.0,662.4,0.0,29.2,11760.0,0.08,3.9,100.5726,280.845,241.338,3.76,0.0,0.06,0.68,1.47,4766.18,4.361287497262989,-10.874258970358808,0.6905230550805275,-0.8011114445079293
2022-01-01,83.0625,791.0,190.25,600.75,0.75,2.0,0.5,26.0,12.0,48.5,0.0,4.0,52.0,31.75,0.5,282.5,292.5,11.0,27.0,184.25,0.0,606.75,0.0,5.75,142.25,0.0,0.0,13.75,8.0,12.0,0.0,0.0,0.0,1.0,0.0,0.0,0.0,55.0,3.5,0.0,0.0,0.0,0.0,0.0,94.75,0.0,0.0,0.25,27.0,0.0,11.0,49.75,0.0,21.0,30.5,0.0,279.75,9.5,0.0,10.75,15.5,38.25,728.0,0.0,24.75,11451.0,0.08,4.0,100.1856,282.543,246.453,4.38,0.0,0.15,0.98,1.76,4515.55,-5.258508910699977,16.31448496051082,0.6046039630400957,2.1194341545881734
2022-02-01,91.32,856.0,220.25,635.75,0.75,2.25,2.75,26.0,13.0,53.0,0.0,4.5,56.75,35.0,0.75,314.0,302.5,11.5,33.25,204.75,1.0,650.25,0.0,8.0,167.5,0.0,0.0,15.5,7.0,13.0,0.0,0.0,0.0,1.0,0.0,0.25,0.0,54.0,4.0,0.0,0.0,1.0,0.0,0.0,93.25,0.0,0.0,1.0,32.25,0.0,11.5,51.75,0.0,23.75,32.25,0.0,301.75,11.5,0.0,11.25,14.5,36.0,790.75,0.0,29.25,11465.0,0.08,3.9,100.8064,284.5,252.66,4.69,0.0,0.33,1.44,1.93,4373.94,-3.136052086678265,9.94130925507899,0.6926379347568234,2.5185329454297634
2022-03-01,108.5775,846.25,184.75,661.5,0.5,2.0,3.0,27.0,14.0,55.25,0.0,3.25,65.25,36.0,1.0,278.5,315.25,11.5,33.75,209.25,1.75,635.25,0.0,7.75,149.5,0.0,0.0,14.5,7.0,14.0,0.0,0.0,0.0,1.0,0.0,1.0,0.0,57.5,3.0,0.0,0.0,1.0,0.0,0.25,97.5,0.25,0.0,0.5,32.75,0.0,11.5,49.0,0.0,24.75,17.25,0.0,318.5,12.0,0.0,11.0,14.75,36.75,783.25,0.0,26.25,11888.0,0.2,3.7,101.3907,287.674,260.014,4.9,0.0,0.44,1.91,2.13,4530.41,3.577323877328009,18.897831800262832,1.115641476274165,2.9106308873585007
2022-04-01,102.28599999999999,796.4,106.8,689.6,1.4,2.0,3.6,25.799999999999997,14.8,59.0,0.0,4.0,66.8,37.0,1.0,202.79999999999998,331.6,11.8,34.8,197.0,2.0,597.4,0.0,8.0,92.6,0.0,0.0,11.2,7.0,14.8,0.0,0.0,0.0,1.0,0.0,1.0,0.0,56.8,0.0,0.0,0.0,1.2,0.0,1.0,95.80000000000001,0.0,0.0,1.0,33.6,0.0,11.8,50.4,0.0,23.8,2.0,0.0,342.0,12.799999999999999,0.0,13.2,15.4,33.4,736.6,0.0,26.400000000000002,11830.0,0.33,3.7,101.44,288.561,265.31,6.6,0.0,0.76,2.54,2.75,4131.93,-8.795671914903934,-5.794478598236297,0.30833512934780316,2.036813402355264
2022-05-01,109.3125,811.0,92.5,718.5,1.75,3.0,4.0,26.75,15.25,63.5,0.0,3.5,68.75,39.0,1.5,195.5,338.75,12.0,37.75,198.0,2.0,611.0,0.0,8.0,74.0,0.0,0.0,12.0,7.0,15.75,0.0,0.0,0.0,1.0,0.0,0.25,0.0,62.5,0.0,0.0,0.0,2.0,0.0,1.0,98.0,0.0,0.0,0.75,35.75,0.0,12.0,56.75,0.0,25.0,5.75,0.0,351.0,12.75,0.0,14.0,15.75,39.0,747.0,0.0,25.0,11758.0,0.77,3.6,101.3335,291.298,273.251,8.14,0.0,0.98,2.62,2.9,4132.15,0.005324388360872234,6.869464051776397,0.9484996239963239,2.9931024085032565
2022-06-01,115.285,880.25,142.0,738.25,2.5,4.0,4.0,28.75,15.25,68.75,0.0,1.75,68.5,39.0,1.75,250.75,345.25,12.0,38.0,201.75,2.0,676.5,0.0,8.0,100.25,0.0,0.0,9.25,6.0,16.75,0.0,0.0,0.0,1.0,0.0,0.0,0.0,62.0,1.25,0.0,0.0,3.0,0.0,1.0,105.5,0.0,0.0,1.5,35.0,0.0,12.0,59.25,0.0,25.0,29.75,0.0,357.75,13.75,0.0,14.0,18.25,44.0,807.0,0.0,29.25,11919.0,1.21,3.6,101.018,294.957,280.251,7.7,0.0,1.49,3.0,3.14,3785.38,-8.391999322386646,5.463693539165226,1.2561019986405686,2.561747258015523
2022-07-01,103.208,942.8,186.2,756.6,3.2,5.4,4.0,26.8,16.0,69.4,0.0,4.4,68.6,38.0,1.0,307.2,349.8,11.0,38.0,218.2,3.4,721.2,0.0,8.8,127.2,0.0,0.0,11.4,6.6,19.0,0.0,0.6,0.0,1.0,0.0,0.0,0.0,64.0,2.6,0.0,0.0,2.4,0.0,1.0,110.60000000000001,0.2,0.0,2.0,35.6,0.0,11.0,62.0,0.0,24.2,43.0,0.0,364.4,12.6,0.0,13.6,19.0,49.0,860.6,0.0,33.2,12009.0,1.68,3.5,101.223,294.913,272.274,7.28,0.0,2.23,3.04,2.9,4130.29,9.11163476322059,-10.475777421173616,-0.014917428642136077,-2.846376997762712
2022-08-01,93.735,965.0,201.5,763.5,2.0,6.25,3.25,23.5,17.0,71.5,0.0,7.0,69.25,35.75,1.0,331.25,346.5,11.75,39.0,223.5,2.75,738.75,0.0,9.25,142.0,0.0,0.0,13.0,7.0,21.0,0.0,1.0,0.0,1.0,0.0,0.0,0.0,63.75,3.0,0.0,0.0,2.0,0.0,1.0,105.0,0.25,0.0,1.25,37.0,0.0,11.0,64.75,0.0,23.5,42.25,0.0,371.25,12.0,0.0,12.75,20.0,47.5,886.5,0.0,31.0,12134.0,2.33,3.6,101.0963,295.097,269.546,8.81,0.0,2.63,3.25,2.9,3955.0,-4.244011921681046,-9.17855205022866,0.062391281496565476,-1.001931877446982
2022-09-01,85.372,972.6,210.4,762.2,3.8000000000000003,6.8,3.0,23.2,17.0,71.6,0.0,6.6,71.0,36.0,1.6,338.0,342.6,11.4,40.0,228.0,2.0,742.6,0.0,9.8,149.4,0.0,0.0,14.0,7.0,21.0,0.0,1.0,0.0,1.0,0.0,0.4,0.0,65.2,3.2,0.0,0.0,1.8,0.0,1.0,109.8,0.0,0.0,0.8,38.2,0.0,10.8,64.4,0.0,23.2,43.0,0.0,361.40000000000003,12.8,0.0,13.399999999999999,20.0,52.0,895.2,0.0,25.4,12429.0,2.56,3.5,101.2918,296.349,267.898,7.88,0.0,3.13,3.86,3.52,3585.62,-9.339570164348931,-8.921960847068867,0.42426727482827165,-0.6113984255006422
2022-10-01,87.605,980.75,213.25,767.5,4.75,3.75,3.0,26.5,18.5,71.0,0.0,5.75,70.0,40.75,1.0,339.0,345.75,11.5,39.5,223.5,2.0,755.25,0.0,9.5,147.5,0.0,0.0,14.75,7.0,21.25,0.0,1.0,0.0,1.0,0.0,0.0,0.0,61.75,3.25,0.0,0.0,2.0,0.0,0.5,108.25,0.0,0.0,0.75,37.5,0.0,11.5,65.25,0.0,23.75,47.0,0.0,366.0,12.5,0.0,17.0,21.75,49.75,903.75,0.0,27.25,12442.0,3.08,3.6,101.2529,298.007,265.061,5.66,0.0,3.72,4.38,3.98,3871.98,7.986345457689326,2.6156116759593395,0.5594754832984217,-1.0589851361339164
2022-11-01,85.0775,979.75,201.0,778.75,6.0,3.25,2.75,28.0,20.0,70.75,0.0,4.5,69.75,39.5,1.5,330.25,349.25,12.75,41.5,222.0,2.0,755.75,0.0,10.0,146.25,0.0,0.0,14.5,5.25,22.0,0.0,1.0,0.0,1.0,0.0,0.0,0.0,63.75,3.25,0.0,0.0,3.5,0.0,0.0,105.0,0.0,0.0,0.0,38.0,0.0,12.75,68.25,0.0,22.5,37.0,0.0,372.25,12.5,0.0,17.0,24.0,53.75,902.25,0.0,23.75,12493.0,3.78,3.6,100.9552,298.786,263.157,5.45,0.0,4.15,4.5,3.89,4080.11,5.375286029369986,-2.8851092974145343,0.2614032556282231,-0.7183252157050624
2022-12-01,76.796,934.8,155.2,779.6,4.8,3.0,2.8,28.4,18.799999999999997,71.2,0.0,6.4,70.8,39.0,1.6,282.2,351.0,13.0,41.8,221.8,2.0,711.0,0.0,9.0,120.4,0.0,0.0,15.0,6.0,21.4,0.0,1.0,0.0,1.0,0.0,0.0,0.0,68.0,2.4,0.0,0.0,3.6,0.0,0.0,104.4,0.0,0.0,0.0,38.2,0.0,13.0,69.0,0.0,22.0,17.4,0.0,371.6,12.8,0.0,17.0,21.6,53.4,853.2,0.0,28.2,12202.0,4.1,3.5,99.7664,298.832,257.897,5.53,0.0,4.25,4.29,3.62,3839.5,-5.897144929916109,-9.734065998648289,0.01539563433359259,-1.9988067959430977
2023-01-01,78.00999999999999,998.25,226.0,772.25,6.25,2.0,2.25,24.75,16.25,72.0,0.0,10.0,68.75,37.5,3.75,343.25,355.0,14.5,42.0,239.5,2.0,756.75,0.0,8.5,169.25,0.0,0.0,16.75,4.75,20.25,0.0,1.0,0.0,1.0,0.0,0.0,0.0,64.5,3.75,0.0,0.0,2.5,0.0,0.0,102.5,0.0,0.0,1.0,39.5,0.0,14.0,64.5,0.0,21.25,35.25,0.0,379.25,12.0,0.0,16.75,20.0,57.75,908.0,0.0,32.5,12640.0,4.33,3.5,100.505,300.42,260.227,3.27,0.0,4.54,4.21,3.53,4076.6,6.175283240005203,1.5808115005989665,0.5314022594635093,0.9034614594198409
2023-02-01,76.98750000000001,1006.0,247.75,758.25,2.25,1.75,1.25,27.75,15.75,71.25,0.0,8.5,69.25,36.25,4.0,358.25,352.75,15.0,42.0,240.0,2.0,764.0,0.5,7.0,184.75,0.0,0.0,19.0,3.25,18.25,0.0,1.0,0.0,1.0,0.0,0.0,0.0,63.5,4.0,0.0,0.0,1.0,0.0,0.0,107.0,0.0,0.0,0.0,41.0,0.0,14.0,63.25,0.0,22.75,40.0,0.0,371.75,11.0,0.0,14.5,17.5,52.25,920.5,0.0,33.25,12621.0,4.57,3.6,100.6416,301.45,258.669,2.38,0.0,4.65,4.53,3.75,3970.15,-2.6112446646715304,-1.3107293936674536,0.3428533386591992,-0.5987080510477361
2023-03-01,73.514,948.4,196.0,752.4,2.0,1.0,1.0,31.200000000000003,16.799999999999997,70.6,0.0,6.6000000000000005,66.8,38.2,3.2,307.0,349.4,12.6,42.0,241.6,3.0,703.8,1.0,9.4,153.2,0.0,0.0,18.8,2.0,18.599999999999998,0.0,1.0,0.0,0.2,0.0,0.2,0.0,58.6,2.2,0.8,0.0,1.0,0.0,1.0,105.39999999999999,0.0,0.0,0.4,41.0,0.0,12.200000000000001,60.800000000000004,0.0,23.8,21.4,0.0,370.2,11.0,0.0,14.8,19.4,53.4,870.0,0.0,25.0,12867.0,4.65,3.5,101.0205,301.821,257.062,2.31,0.0,4.69,4.3,3.66,4109.31,3.5051572358727023,-4.511771391459673,0.12307181953890023,-0.6212572824729534
2023-04-01,79.505,860.75,109.0,751.75,2.5,1.0,1.75,27.5,17.0,68.25,0.0,4.25,64.25,41.0,1.5,223.5,357.0,10.5,40.75,224.0,3.0,633.75,1.0,9.75,86.75,0.0,0.0,19.0,2.0,18.5,0.0,1.0,0.0,0.0,0.0,0.5,0.0,57.5,0.0,1.0,0.0,1.0,0.0,1.0,104.75,0.0,0.0,1.0,39.75,0.0,10.5,55.5,0.0,25.0,2.25,0.0,376.5,12.0,0.0,16.0,18.5,52.75,788.25,0.0,19.75,12734.0,4.83,3.4,101.253,302.845,256.908,2.16,0.0,4.92,4.02,3.46,4169.48,1.464236088297044,8.149468128519732,0.3392739405144063,-0.059907726540675554
2023-05-01,71.8575,817.25,89.75,727.5,1.5,1.0,1.75,24.0,15.5,61.25,0.0,2.25,57.5,39.75,1.0,211.25,352.0,10.25,38.25,195.75,3.75,617.75,0.25,8.0,65.25,0.0,0.0,19.5,2.5,18.5,0.0,1.0,0.0,0.0,0.0,0.0,0.0,57.0,0.25,1.0,0.0,1.0,0.0,1.0,108.0,0.0,0.0,1.75,37.25,0.0,10.25,50.5,0.0,24.5,3.0,0.0,362.5,13.25,0.0,15.25,15.75,55.25,742.25,0.0,19.75,12732.0,5.06,3.6,100.9286,303.334,253.67,2.15,0.0,5.14,4.13,3.57,4179.83,0.2482323934879238,-9.618891893591586,0.1614687381333635,-1.2603733632273184
2023-06-01,70.12,832.4,145.6,686.8,0.0,1.0,1.0,22.6,14.0,59.4,0.0,3.0,49.6,36.6,1.0,253.4,343.6,11.799999999999999,35.4,185.2,4.8,642.4,0.0,7.8,96.6,0.0,0.0,15.8,2.0,16.2,0.0,1.0,0.0,0.0,0.0,0.0,0.0,49.0,3.2,1.0,0.0,0.0,0.0,1.0,106.6,0.0,0.0,1.0,35.4,0.0,11.799999999999999,42.2,0.0,23.2,29.0,0.0,346.59999999999997,12.8,0.0,13.4,16.8,53.6,758.2,0.0,20.6,12787.0,5.08,3.6,100.1196,304.014,253.86,2.18,0.0,5.16,4.64,3.75,4450.38,6.47275128414313,-2.417980029920319,0.224175331482801,0.07490046122917704
2023-07-01,75.57000000000001,857.5,185.5,672.0,0.0,1.0,0.75,22.25,14.0,57.75,0.0,2.5,44.75,34.75,0.25,295.5,336.5,12.75,34.75,201.75,6.25,649.5,0.0,8.0,125.25,0.0,0.0,19.0,2.0,14.75,0.0,1.0,0.0,0.0,0.0,0.0,0.0,50.25,4.0,1.0,0.0,0.0,0.0,0.75,112.0,0.0,0.0,1.0,34.75,0.0,12.75,39.5,0.0,22.75,36.25,0.0,327.5,14.0,0.0,12.0,19.0,54.75,781.75,0.0,21.0,12912.0,5.12,3.5,100.9067,304.609,253.835,2.55,0.0,5.25,4.83,3.9,4588.96,3.113891398037927,7.772390188248712,0.1957146710348745,-0.009847947687702252
2023-08-01,81.33500000000001,836.0,189.25,646.75,0.75,1.0,0.0,18.25,14.0,53.0,0.0,1.5,43.0,31.25,0.0,302.5,325.75,11.0,34.0,192.75,5.5,637.75,0.0,9.0,131.5,0.0,0.0,18.5,2.0,14.0,0.0,1.0,0.0,0.0,0.0,0.0,0.0,46.25,4.0,1.0,0.0,0.0,0.0,0.0,111.25,0.25,0.0,1.0,34.0,0.0,11.0,39.0,0.0,20.5,34.25,0.0,311.25,15.0,0.0,10.75,20.5,55.0,758.0,0.0,23.0,12999.0,5.33,3.7,100.8393,306.082,257.68,2.58,0.0,5.3,4.9,4.17,4507.66,-1.771643248143373,7.628688633055436,0.4835707415079771,1.5147635274883386
2023-09-01,88.106,819.4,188.0,631.4,1.4,0.0,0.0,16.6,14.2,49.2,0.0,3.4,40.2,29.0,0.2,304.8,318.0,10.0,32.4,189.0,5.2,625.2,0.0,9.0,130.8,0.0,0.0,18.8,4.4,15.6,0.0,1.0,0.0,0.0,0.0,0.0,0.0,42.2,3.8,1.0,0.0,1.6,0.0,0.6,103.0,1.0,0.0,0.2,30.8,0.0,10.0,37.800000000000004,0.0,20.8,34.4,0.0,309.8,14.4,0.0,8.2,20.2,57.8,744.2,0.0,17.4,13178.0,5.33,3.7,101.0211,307.276,258.934,2.64,0.0,5.32,5.02,4.38,4288.05,-4.871929116215501,8.324829409233402,0.3900915440960384,0.4866501086619124
2023-10-01,85.94,814.25,191.75,622.5,1.75,0.0,0.0,15.25,14.0,50.5,0.0,5.5,38.75,28.75,1.0,304.75,311.25,10.0,32.75,192.25,4.25,617.75,0.0,9.0,136.25,0.0,0.0,19.5,5.0,16.0,0.0,0.0,0.0,0.0,0.0,0.0,0.0,42.5,3.5,1.0,0.0,2.75,0.0,0.5,102.75,0.25,0.0,1.0,30.0,0.0,10.0,37.0,0.0,21.0,31.5,0.0,304.25,14.0,0.0,7.75,18.75,57.0,740.75,0.0,16.5,13213.0,5.33,3.9,100.4689,307.696,255.192,2.98,0.0,5.34,5.07,4.8,4193.8,-2.1979687736850106,-2.4584023789526177,0.13668493471667986,-1.4451559084554422
2023-11-01,78.47749999999999,815.5,197.0,618.5,0.5,0.0,0.5,13.75,14.25,50.5,0.0,6.0,38.0,27.5,0.5,308.75,310.5,12.25,32.5,190.25,4.25,621.0,0.0,9.25,143.5,0.0,0.0,20.25,5.0,16.75,0.0,0.0,0.0,0.0,0.0,0.0,0.0,39.75,3.75,1.0,0.0,2.5,0.0,0.0,105.5,0.0,0.0,1.0,30.0,0.0,12.25,37.0,0.0,19.5,28.5,0.0,302.75,12.5,0.0,8.0,16.75,59.0,741.5,0.0,15.0,13316.0,5.33,3.7,100.8639,308.148,252.856,2.71,0.0,5.27,4.88,4.5,4567.8,8.91792646287377,-8.68338375610892,0.14689823722116024,-0.9153891971535155
2023-12-01,72.612,783.8,160.6,623.2,1.2,0.6,1.0,20.4,14.0,52.400000000000006,0.0,3.6,42.4,28.6,0.0,264.6,310.6,12.0,32.4,185.79999999999998,3.0,595.0,0.0,10.0,116.39999999999999,0.0,0.0,19.8,4.0,17.0,0.0,0.0,0.0,0.0,0.0,0.0,0.0,42.2,2.8,1.0,0.0,1.0,0.0,0.0,100.6,0.0,0.0,1.0,31.4,0.0,12.0,41.199999999999996,0.0,19.8,20.6,0.0,307.4,12.2,0.0,8.8,14.6,52.6,716.2,0.0,15.0,13297.0,5.33,3.8,100.6031,308.741,249.866,2.52,0.0,5.24,4.46,4.02,4769.83,4.422916940321375,-7.474116785065776,0.1924399963653789,-1.1824912202992977
2024-01-01,73.56,818.0,197.75,620.25,2.0,1.0,1.0,22.0,12.75,54.25,0.0,2.0,42.5,28.25,1.5,295.25,309.25,12.75,33.5,197.5,2.75,617.75,0.0,10.0,140.5,0.0,0.0,21.25,4.75,16.25,0.0,0.0,0.0,0.0,0.0,1.5,0.0,42.25,3.25,1.0,0.0,1.25,0.0,0.0,97.75,0.0,0.0,0.5,32.25,0.0,12.75,42.75,0.0,20.0,32.25,0.0,306.25,12.5,0.0,8.25,10.75,52.25,744.25,0.0,21.5,12517.0,5.33,3.7,99.2223,309.698,251.306,3.18,0.0,5.22,4.32,4.06,4845.65,1.5895744712075555,1.3055693273839042,0.30996854969052023,0.5763089015712319
2024-02-01,76.9275,854.5,232.25,622.25,1.5,1.0,0.25,22.0,12.25,52.0,0.0,3.0,42.0,30.5,2.0,328.75,312.5,12.75,34.0,210.25,3.0,641.25,0.0,10.25,163.5,0.0,0.0,26.0,5.75,16.0,0.0,0.0,0.0,0.0,0.0,1.5,0.0,44.25,4.0,0.25,0.0,2.0,0.0,0.0,100.5,0.0,0.0,0.0,32.0,0.0,12.75,42.25,0.0,22.75,38.75,0.0,301.0,12.25,0.0,7.75,11.0,55.0,765.25,0.0,34.25,13129.0,5.33,3.9,100.285,310.967,254.926,1.72,0.0,5.24,4.54,4.21,5096.27,5.172061539731532,4.577895595432291,0.40975401843086345,1.440474958815141
2024-03-01,81.012,821.6,196.6,625.0,1.0,1.0,0.0,21.2,11.8,53.8,0.0,3.8000000000000003,38.2,31.0,2.0,296.8,315.0,12.0,34.0,195.6,3.2,622.8,0.0,13.4,146.79999999999998,0.0,0.0,26.8,6.0,15.8,0.0,0.0,0.0,0.0,0.0,1.0,0.0,44.2,2.8,0.0,0.0,2.0,0.0,0.0,106.6,0.0,0.0,0.0,32.0,0.0,12.0,44.4,0.0,22.4,20.2,0.0,293.59999999999997,12.0,0.0,8.6,11.0,57.2,730.6,0.2,33.6,13190.0,5.33,3.9,100.4575,312.345,255.095,1.49,0.0,5.24,4.59,4.21,5254.35,3.1018764704381807,5.30954470117968,0.4431338373525273,0.06629374798960974
2024-04-01,85.495,747.75,130.5,617.25,0.75,1.0,0.0,21.5,10.75,55.25,0.0,4.5,34.0,29.75,1.25,226.5,317.0,11.5,34.0,175.25,2.0,570.5,0.0,14.0,99.25,0.0,0.0,23.25,3.0,14.75,0.0,0.0,0.0,0.0,0.0,0.25,0.0,38.5,0.0,0.0,0.0,2.0,0.0,0.0,108.0,0.0,0.0,1.5,32.0,0.0,11.5,44.5,0.0,21.75,6.5,0.0,296.0,12.0,0.0,8.0,11.0,57.75,674.25,0.0,15.75,13314.0,5.33,3.9,100.2434,313.023,256.978,1.6,0.0,5.24,4.87,4.54,5035.69,-4.161504277408257,5.533748086703216,0.21706766556210955,0.7381563731158947
2024-05-01,80.312,722.0,119.6,602.4,4.0,1.0,0.0,20.6,10.0,51.2,0.0,4.8,35.0,28.0,0.4,209.6,312.8,10.6,34.0,158.0,4.0,560.0,0.0,9.0,86.2,0.0,0.0,18.2,3.0,14.0,0.0,0.0,0.0,0.0,0.0,0.0,0.0,40.0,0.4,0.4,0.0,2.0,0.0,0.0,107.8,0.0,0.0,2.2,32.0,0.0,10.6,43.4,0.0,21.2,12.6,0.0,289.0,11.8,0.0,7.2,11.0,49.4,653.4,0.0,19.2,13256.0,5.33,3.9,100.863,313.175,255.313,2.12,0.0,5.25,4.86,4.48,5277.51,4.802122449952262,-6.062342827065914,0.04855873210594108,-0.647915385752873
2024-06-01,79.89,749.5,161.25,588.25,5.25,1.0,0.0,16.75,10.0,49.75,0.0,3.25,35.75,25.0,0.25,250.0,308.0,10.0,34.5,154.0,5.0,590.5,0.0,9.0,103.0,0.0,0.0,18.5,4.5,14.0,0.0,0.0,0.0,0.0,0.0,0.0,0.0,40.0,4.0,1.0,0.0,1.5,0.0,0.0,107.5,0.0,0.0,3.0,33.0,0.0,10.0,36.0,0.0,21.0,32.75,0.0,282.75,12.0,0.0,5.0,11.0,52.0,673.75,0.0,23.75,13252.0,5.33,4.1,100.894,313.044,255.914,2.54,0.0,5.24,4.74,4.31,5460.48,3.4669759034089864,-0.5254507421057819,-0.041829647960411886,0.23539733581916522
2024-07-01,82.5725,779.0,193.0,586.0,2.25,1.25,0.0,16.75,10.0,49.0,0.0,4.5,35.5,25.0,0.75,283.5,304.75,10.5,35.25,165.25,6.0,607.75,0.0,9.25,137.5,0.0,0.0,21.5,6.0,14.0,0.0,0.0,0.0,0.0,0.0,0.0,0.0,42.5,3.5,1.0,0.0,1.0,0.0,0.0,107.5,0.0,0.0,3.25,34.25,0.0,10.5,34.0,0.0,21.0,27.25,0.0,276.5,12.5,0.0,5.0,11.0,55.5,700.75,0.0,22.75,13212.0,5.33,4.2,99.9757,313.569,257.321,2.07,0.0,5.2,4.5,4.25,5522.3,1.1321349038912354,3.3577418951057814,0.16770805381991494,0.549794071445886
2024-08-01,76.79400000000001,804.0,218.4,585.6,1.6,1.6,0.0,17.4,9.6,48.6,0.0,4.6,32.6,24.4,0.4,314.2,304.2,9.6,35.2,164.4,5.6,634.0,0.0,10.0,150.4,0.0,0.0,20.2,8.0,13.6,0.0,0.0,0.0,0.0,0.0,0.0,0.0,39.0,4.0,1.0,0.0,1.0,0.0,0.0,106.6,0.0,0.0,4.0,34.2,0.0,9.6,36.800000000000004,0.0,20.2,39.8,0.0,274.2,12.6,0.0,5.2,13.6,61.6,719.2,0.0,23.2,13411.0,5.33,4.2,100.4309,314.062,255.463,1.99,0.0,5.05,3.97,3.87,5648.4,2.283468844503189,-6.998092585303817,0.1572221743858515,-0.7220553316674594
2024-09-01,70.3,803.5,216.75,586.75,2.0,1.0,0.0,18.75,7.5,48.0,0.0,4.5,32.75,23.75,0.0,316.0,306.25,9.0,34.0,162.75,5.5,635.25,0.0,10.0,152.0,0.0,0.0,18.5,6.5,11.5,0.0,0.0,0.0,0.0,0.0,0.0,0.0,41.5,3.25,1.0,0.25,1.0,0.0,0.0,105.75,0.0,0.0,3.0,33.0,0.0,9.0,40.25,0.0,14.5,40.0,0.0,275.25,11.5,0.0,9.5,16.25,64.0,714.75,0.0,24.75,13171.0,5.13,4.1,99.8084,314.732,252.682,2.28,0.0,4.72,3.62,3.72,5762.48,2.0196869910062976,-8.456389822121535,0.2133336729690294,-1.088611658048333
2024-10-01,72.48,804.0,218.75,585.25,1.75,2.0,0.25,19.75,8.0,48.75,0.0,4.0,33.5,23.25,0.0,315.5,304.0,9.25,34.0,165.25,4.75,634.0,0.0,10.0,155.25,0.0,0.0,16.75,6.0,11.5,0.0,0.0,0.0,0.0,0.0,0.0,0.0,38.0,3.5,1.0,0.5,1.0,0.0,0.0,99.75,0.0,0.0,2.0,33.0,0.0,9.25,41.5,0.0,13.25,41.25,0.0,282.5,11.0,0.0,10.0,17.0,61.75,717.5,0.0,24.75,13530.0,4.83,4.1,99.4695,315.631,253.081,2.2,0.0,4.51,3.97,4.1,5705.45,-0.9896780552817508,3.100995732574696,0.2856398459641696,0.1579059845972397
2024-11-01,69.602,789.0,205.2,583.8,0.8,1.4,2.0,20.6,7.199999999999999,48.0,0.0,4.0,31.4,24.4,0.0,301.2,303.0,10.0,35.0,167.20000000000002,5.0,616.8,0.0,10.0,140.8,0.0,0.0,18.400000000000002,5.6,10.8,0.0,0.0,0.0,0.0,0.0,0.0,0.0,32.4,5.0,1.0,0.0,1.0,0.0,0.0,101.2,0.0,0.0,2.0,34.0,0.0,10.0,43.4,0.0,14.4,39.0,0.0,280.6,11.4,0.0,10.0,18.000000000000004,54.8,708.8,0.0,25.4,13396.0,4.64,4.2,99.2925,316.528,253.211,2.12,0.0,4.42,4.26,4.36,6032.38,5.730135221586385,-3.9707505518763786,0.28419261732848256,0.05136695366305677
2024-12-01,69.94,750.5,161.5,589.0,0.0,1.0,2.0,20.0,7.0,46.25,0.0,7.75,30.75,24.75,0.5,260.75,304.0,9.5,36.25,164.25,4.25,582.0,0.0,10.0,114.5,0.0,0.0,17.75,6.0,10.0,0.0,0.0,0.0,0.0,0.0,0.0,0.0,30.75,3.0,1.0,0.0,1.0,0.0,0.0,103.0,0.0,0.0,2.0,35.25,0.0,9.0,43.0,0.0,15.25,24.25,0.0,284.75,12.0,0.0,10.0,18.0,54.0,676.75,0.25,19.5,13437.0,4.48,4.1,100.3273,317.604,253.423,3.01,0.0,4.27,4.23,4.39,5881.63,-2.4990136563014964,0.4856182293612177,0.3399383308901438,0.08372464071466634
2025-01-01,75.322,790.6,208.4,582.2,0.4,0.4,1.6,19.6,6.2,44.6,0.0,8.4,29.6,23.2,0.4,308.0,302.6,10.8,34.8,167.2,4.4,619.0,0.0,10.0,146.8,0.0,0.0,18.4,6.6,9.2,0.0,0.0,0.0,0.0,0.0,0.0,0.0,29.4,3.6,1.0,0.0,1.0,0.0,0.0,103.4,0.0,0.0,2.0,33.8,0.0,9.0,43.6,0.0,15.0,37.6,0.0,280.4,11.2,0.0,10.0,18.6,57.0,702.2,0.0,31.4,13140.0,4.33,4.0,100.0647,318.961,257.36,4.13,0.0,4.21,4.27,4.63,6040.53,2.7016320305765618,7.695167286245352,0.42726162139017365,1.5535290798388557
2025-02-01,71.5625,836.25,246.5,589.75,2.5,0.0,1.0,20.0,6.0,48.0,0.0,8.25,30.25,23.5,0.0,348.5,304.0,11.0,33.25,171.5,5.5,659.25,0.0,10.0,174.25,0.0,0.0,18.5,8.0,9.0,0.0,0.0,0.0,0.0,0.0,0.0,0.0,30.0,4.25,1.0,0.0,1.0,0.0,0.0,105.5,0.0,0.0,2.0,32.25,0.0,9.0,46.25,0.0,15.0,47.5,0.0,280.0,12.25,0.0,10.5,20.0,55.0,739.25,0.0,42.0,13240.0,4.33,4.2,101.0993,319.679,259.498,4.19,0.0,4.22,4.21,4.45,5954.5,-1.4242127760312417,-4.991237619818911,0.22510589068882592,0.8307429281939616
2025-03-01,68.06,786.25,194.0,592.25,4.5,0.5,1.0,21.0,6.0,48.25,0.0,9.25,29.25,23.75,0.0,297.75,300.5,11.25,33.25,161.25,5.5,619.5,0.0,10.0,145.75,0.0,0.0,16.5,8.0,8.0,0.0,0.0,0.0,0.0,0.0,0.0,0.0,29.5,3.25,1.0,0.0,1.25,0.0,0.0,102.5,0.0,0.0,1.75,32.0,0.0,9.25,51.5,0.0,14.75,26.75,0.0,280.5,12.0,0.0,11.0,21.0,54.5,703.5,0.0,28.25,13453.0,4.33,4.2,101.0404,319.785,258.525,4.12,0.0,4.2,3.97,4.28,5611.85,-5.754471408178685,-4.894323144104796,0.03315826188146076,-0.37495472026759513
2025-04-01,64.2175,724.5,138.25,586.25,5.75,1.25,1.75,18.5,6.0,47.25,0.0,11.5,31.0,24.75,0.0,241.5,290.25,12.0,33.0,154.25,5.5,564.75,0.0,10.0,110.5,0.0,0.0,15.5,6.25,8.0,0.0,0.0,0.0,0.0,0.0,0.0,0.0,30.0,0.0,1.0,0.0,1.0,0.0,0.0,100.25,0.0,0.0,1.0,32.0,0.0,11.0,53.5,0.0,16.75,11.25,0.0,274.75,11.75,0.0,9.0,21.0,48.5,659.0,0.0,17.0,13466.0,4.33,4.2,101.1279,320.302,258.392,3.42,0.0,4.21,3.78,4.28,5569.06,-0.7624936518260461,-5.645753746694093,0.16167112278562268,-0.05144570157624706
2025-05-01,62.08,689.6,116.2,573.4,4.4,1.6,2.0,19.6,5.2,44.6,0.0,15.200000000000001,33.0,24.6,0.0,213.8,282.2,11.2,32.2,153.2,3.2,533.2,0.0,10.0,91.2,0.0,0.0,14.6,6.0,8.0,0.0,0.0,0.0,0.0,0.0,0.0,0.0,30.6,0.0,1.0,0.0,1.0,0.0,0.0,94.6,0.0,0.0,1.6,31.2,0.0,10.2,54.0,0.0,17.8,8.799999999999999,0.0,269.4,11.4,0.0,7.8,20.4,45.6,629.6,0.0,14.4,13447.0,4.33,4.3,100.9655,320.62,258.678,3.12,0.0,4.25,3.92,4.42,5911.69,6.152384783069298,-3.328531942227586,0.09928130327003792,0.11068454131706318
2025-06-01,68.60249999999999,686.5,132.75,553.75,3.0,1.0,2.0,20.5,6.5,40.5,0.0,13.25,35.5,24.0,0.5,224.5,272.25,12.0,31.0,157.75,4.25,524.5,0.0,10.0,93.75,0.0,0.0,13.5,6.0,8.25,0.0,0.0,0.0,0.0,0.0,0.0,0.0,31.25,3.0,1.0,0.0,1.5,0.0,0.25,91.25,0.0,0.0,1.25,29.5,0.0,11.0,48.0,0.0,18.0,21.25,0.0,260.5,9.5,0.0,7.0,20.75,42.75,628.75,0.0,15.0,13610.0,4.33,4.1,101.4785,321.435,260.491,3.02,0.0,4.23,3.89,4.38,6204.95,4.960679602617879,10.506604381443285,0.2541949971929469,0.7008713535747058
2025-07-01,67.94,707.25,166.75,540.5,1.25,0.0,2.0,17.75,8.25,40.5,1.0,13.0,39.25,23.25,1.0,253.75,263.25,12.0,31.0,165.0,5.25,537.0,0.0,9.75,116.25,0.0,1.0,14.75,6.0,9.25,0.0,0.0,0.0,0.0,0.0,0.0,0.0,32.5,3.75,1.0,0.5,2.0,0.0,1.0,91.75,0.0,0.0,1.0,29.0,0.0,11.0,42.25,0.0,17.25,31.0,0.0,253.25,9.5,0.0,7.0,16.5,49.25,639.5,0.0,18.5,13707.0,4.33,4.3,101.894,322.169,262.358,3.2,0.0,4.25,3.88,4.39,6339.39,2.1666572655702376,-0.9657082467840028,0.22835098853577485,0.7167234184674465
2025-08-01,65.666,717.4,179.0,538.4,1.0,0.2,2.0,15.0,9.0,38.8,0.8,15.4,40.0,24.0,0.4,272.4,256.0,12.0,30.4,177.6,5.6,534.2,0.0,9.0,126.2,0.0,0.8,14.4,6.8,12.0,0.0,0.0,0.0,0.0,0.0,0.0,0.0,35.8,4.0,1.0,1.0,2.0,0.0,2.0,95.2,0.0,0.0,1.6,28.4,0.0,11.0,42.6,0.0,18.0,32.8,0.0,242.2,10.0,0.0,7.0,13.6,59.6,640.4,0.0,17.400000000000002,13810.0,4.33,4.3,101.6247,323.291,262.11,2.91,0.0,4.12,3.7,4.26,6460.26,1.9066503244002941,-3.3470709449514247,0.3482644202266627,-0.09452732525785379
2025-09-01,63.99,717.4,179.0,538.4,1.0,0.2,2.0,15.0,9.0,38.8,0.8,15.4,40.0,24.0,0.4,272.4,256.0,12.0,30.4,177.6,5.6,534.2,0.0,9.0,126.2,0.0,0.8,14.4,6.8,12.0,0.0,0.0,0.0,0.0,0.0,0.0,0.0,35.8,4.0,1.0,1.0,2.0,0.0,2.0,95.2,0.0,0.0,1.6,28.4,0.0,11.0,42.6,0.0,18.0,32.8,0.0,242.2,10.0,0.0,7.0,13.6,59.6,640.4,0.0,17.400000000000002,13828.0,4.22,4.4,101.7059,324.245,262.054,2.97,0.0,3.92,3.57,4.12,6688.46,3.532365570425955,-2.5523101757378153,0.2950901819104068,-0.021365075731583083
2025-10-01,61.036,717.4,179.0,538.4,1.0,0.2,2.0,15.0,9.0,38.8,0.8,15.4,40.0,24.0,0.4,272.4,256.0,12.0,30.4,177.6,5.6,534.2,0.0,9.0,126.2,0.0,0.8,14.4,6.8,12.0,0.0,0.0,0.0,0.0,0.0,0.0,0.0,35.8,4.0,1.0,1.0,2.0,0.0,2.0,95.2,0.0,0.0,1.6,28.4,0.0,11.0,42.6,0.0,18.0,32.8,0.0,242.2,10.0,0.0,7.0,13.6,59.6,640.4,0.0,17.400000000000002,13864.0,4.09,4.4,101.257,324.245,260.599,3.19,0.0,3.82,3.52,4.06,6840.2,2.2686836730727133,-4.616346304110019,0.0,-0.5552290749234801
2025-11-01,59.9975,717.4,179.0,538.4,1.0,0.2,2.0,15.0,9.0,38.8,0.8,15.4,40.0,24.0,0.4,272.4,256.0,12.0,30.4,177.6,5.6,534.2,0.0,9.0,126.2,0.0,0.8,14.4,6.8,12.0,0.0,0.0,0.0,0.0,0.0,0.0,0.0,35.8,4.0,1.0,1.0,2.0,0.0,2.0,95.2,0.0,0.0,1.6,28.4,0.0,11.0,42.6,0.0,18.0,32.8,0.0,242.2,10.0,0.0,7.0,13.6,59.6,640.4,0.0,17.400000000000002,13788.0,3.88,4.5,101.3775,325.063,261.473,3.79,0.0,3.78,3.55,4.09,6849.09,0.1299669600304032,-1.7014548790877493,0.2522783697512576,0.3353811795133721
